file_name,file_size,product_no,status,letter,environment,image_w,image_h,product_no_len
1.jpg,21584.0,343938 013,Diagonal,Clear,Clear,134.0,36.0,10.0
2.jpg,21794.0,AV3133 001,Horizontal,Clear,Clear,152.0,34.0,10.0
3.jpg,21129.0,CJ3817 402,Horizontal,Clear,Clear,134.0,26.0,10.0
4.PNG,21290.0,EE8484,Diagonal,Clear,Clear,168.0,61.0,6.0
5.PNG,8242.0,190943 11,Horizontal,Clear,Clear,118.0,37.0,9.0
6.PNG,3665.0,162058C,Diagonal,Blur,Clear,67.0,21.0,7.0
7.PNG,3892.0,162058C,Diagonal,Blur,Clear,68.0,20.0,7.0
8.PNG,9066.0,V98CJ CHK,Diagonal,Clear,Clear,116.0,40.0,9.0
9.PNG,12391.0,3JM00740,Horizontal,Clear,Clear,146.0,41.0,8.0
10.PNG,7156.0,192294 02,Diagonal,Clear,Clear,109.0,28.0,9.0
11.PNG,17979.0,3GM01093,Diagonal,Clear,Clear,157.0,67.0,8.0
12.PNG,22649.0,1XM00998D,Diagonal,Clear,Clear,191.0,67.0,9.0
13.PNG,22399.0,FX4322,Diagonal,Clear,Clear,160.0,82.0,6.0
14.PNG,21226.0,FV0657,Horizontal,Clear,Clear,173.0,75.0,6.0
15.PNG,30700.0,DV6620,Diagonal,Clear,Clear,205.0,72.0,6.0
16.PNG,17150.0,FILARAY,Diagonal,Clear,Clear,186.0,59.0,7.0
19.PNG,27337.0,G57816,Diagonal,Clear,Clear,202.0,71.0,6.0
20.PNG,14625.0,1RM01153,Horizontal,Clear,Clear,157.0,46.0,8.0
21.PNG,19158.0,FW5287,Horizontal,Clear,Clear,168.0,61.0,6.0
22.PNG,11350.0,1RM01575D,Horizontal,Clear,Clear,160.0,41.0,9.0
26.PNG,6316.0,S00A5C0,Diagonal,Clear,Clear,103.0,27.0,7.0
27.PNG,14517.0,S00A6M0,Diagonal,Clear,Clear,97.0,58.0,7.0
28.PNG,18208.0,FS1SIZ3140X,Horizontal,Clear,Clear,201.0,56.0,11.0
29.PNG,22202.0,FX3922,Horizontal,Clear,Clear,162.0,79.0,6.0
30.PNG,21520.0,DV6619,Diagonal,Clear,Clear,188.0,66.0,6.0
32.PNG,14921.0,CN3702,Diagonal,Clear,Clear,137.0,63.0,6.0
33.PNG,10161.0,G54008,Horizontal,Clear,Clear,93.0,50.0,6.0
34.PNG,5122.0,370772 06,Horizontal,Clear,Clear,90.0,25.0,9.0
35.PNG,12241.0,SP0WW20X821,Horizontal,Clear,Clear,139.0,34.0,11.0
17.PNG,9747.0,S00A6M0,Diagonal,Clear,Clear,109.0,34.0,7.0
18.PNG,20018.0,VN0A2XSZW00,Diagonal,Clear,Clear,220.0,33.0,11.0
23.PNG,16058.0,FS1HTB1091X,Diagonal,Clear,Clear,213.0,56.0,11.0
24.PNG,13825.0,FS1HTB1091X,Diagonal,Clear,Clear,191.0,37.0,11.0
25.PNG,10555.0,DB2718,Diagonal,Clear,Clear,123.0,42.0,6.0
36.PNG,,373343 03,Diagonal,Clear,Clear,147.0,42.0,9.0
KakaoTalk_20211206_140911955_01.jpg,3056.0,S80783,Horizontal,Clear,Clear,117.0,61.0,6.0
KakaoTalk_20211206_140911955_02.jpg,6515.0,M9160C,Horizontal,Blur,Clear,353.0,116.0,6.0
KakaoTalk_20211206_140911955_03.jpg,4064.0,M9160C,Horizontal,Clear,Clear,195.0,56.0,6.0
KakaoTalk_20211206_140911955_04.jpg,8354.0,M9160C,Horizontal,Clear,Clear,291.0,107.0,6.0
KakaoTalk_20211206_140911955_05.jpg,2273.0,B37846,Horizontal,Clear,Clear,151.0,48.0,6.0
KakaoTalk_20211206_140911955_06.jpg,3064.0,73-B7637,Horizontal,Clear,Clear,193.0,48.0,8.0
KakaoTalk_20211206_140911955_07.jpg,3087.0,LHE0401,Horizontal,Clear,Clear,121.0,48.0,7.0
KakaoTalk_20211206_140911955_08.jpg,3391.0,1SM01611D,Horizontal,Clear,Clear,178.0,68.0,9.0
KakaoTalk_20211206_140911955_08_1.jpg,3297.0,1SM01611D,Horizontal,Clear,Clear,172.0,63.0,9.0
KakaoTalk_20211206_140911955_11.jpg,4391.0,M9160C,Horizontal,Clear,Clear,252.0,81.0,6.0
KakaoTalk_20211206_140911955_12.jpg,2635.0,M9160C,Horizontal,Clear,Clear,113.0,50.0,6.0
KakaoTalk_20211206_140911955_13.jpg,5461.0,M9697C,Horizontal,Clear,Clear,128.0,80.0,6.0
KakaoTalk_20211206_140911955_14.jpg,11927.0,169880C,Horizontal,Clear,Clear,226.0,128.0,7.0
KakaoTalk_20211206_140911955_15.jpg,4556.0,M9160C,Horizontal,Clear,Clear,244.0,52.0,6.0
KakaoTalk_20211206_140911955_16.jpg,11014.0,FU8297,Horizontal,Clear,Clear,282.0,161.0,6.0
KakaoTalk_20211206_140911955_17.jpg,7740.0,FZ0387,Horizontal,Clear,Clear,254.0,131.0,6.0
KakaoTalk_20211206_140911955_18.jpg,8154.0,FZ0388,Horizontal,Clear,Clear,274.0,106.0,6.0
KakaoTalk_20211206_140911955_19.jpg,4895.0,VN-0EE3WHT,Horizontal,Clear,Clear,204.0,70.0,10.0
KakaoTalk_20211206_140911955_20.jpg,4046.0,VN-0EE3BKA,Horizontal,Clear,Clear,239.0,56.0,10.0
KakaoTalk_20211206_140911955_21.jpg,5321.0,GV7098,Horizontal,Clear,Clear,187.0,66.0,6.0
KakaoTalk_20211206_140911955_22.jpg,6592.0,RBKH05299,Horizontal,Clear,Clear,259.0,78.0,9.0
KakaoTalk_20211206_140911955_23.jpg,3654.0,1TM01393D,Horizontal,Clear,Clear,207.0,48.0,9.0
KakaoTalk_20211206_140911955_24.jpg,8674.0,372280 02,Horizontal,Clear,Clear,287.0,91.0,9.0
KakaoTalk_20211206_140911955_25.jpg,3514.0,1TM00652,Horizontal,Clear,Clear,197.0,60.0,8.0
KakaoTalk_20211206_140911955_26.jpg,7185.0,M9166C,Horizontal,Clear,Clear,232.0,81.0,6.0
KakaoTalk_20211206_140911955_29.jpg,4187.0,FUS21G2,Horizontal,Clear,Clear,174.0,69.0,7.0
KakaoTalk_20211206_140919988.jpg,8928.0,BD1551,Horizontal,Clear,Clear,85.0,48.0,6.0
KakaoTalk_20211206_140919988_01.jpg,3854.0,G9SB551,Horizontal,Clear,Clear,202.0,53.0,7.0
KakaoTalk_20211206_140919988_02.jpg,22863.0,ART CP9448,Horizontal,Blur,Clear,191.0,50.0,10.0
2021-12-06 155505.jpg,21445.0,839611-400,Horizontal,Tilted,Clear,142.0,24.0,10.0
2021-12-06 155604.jpg,20424.0,615152-109,Diagonal,Blur,Clear,111.0,29.0,10.0
2021-12-06 155705.jpg,20388.0,833260-110,Horizontal,Blur,Clear,103.0,23.0,10.0
2021-12-06 155724.jpg,20837.0,642330-002,Diagonal,Clear,Clear,113.0,21.0,10.0
20211205_171426.jpg,41172.0,CD5405-001,Horizontal,Tilted,Clear,728.0,119.0,10.0
20211205_171506.jpg,38511.0,DX-SHB1-111,Horizontal,Clear,Clear,495.0,85.0,11.0
20211205_171527.jpg,43285.0,454350-700,Horizontal,Tilted,Clear,499.0,109.0,10.0
20211205_195013.jpg,34816.0,CZ5358-002,Horizontal,Clear,Clear,425.0,56.0,10.0
20211205_195047.jpg,39219.0,DM0113-002,Horizontal,Tilted,Clear,463.0,65.0,10.0
20211205_195114.jpg,35888.0,DJ1196-002,Horizontal,Clear,Reflection,410.0,74.0,10.0
20211205_195216.jpg,40070.0,CW4555-102,Horizontal,Clear,Clear,506.0,74.0,10.0
20211205_195303.jpg,37447.0,CU4826-002,Horizontal,Clear,Clear,421.0,62.0,10.0
20211205_195313.jpg,36272.0,CU4826-100,Horizontal,Clear,Clear,382.0,57.0,10.0
20211205_195628.jpg,37168.0,CU4874-001,Horizontal,Clear,Reflection,479.0,76.0,10.0
20211205_195643.jpg,36453.0,CW3809-005,Horizontal,Tilted,Reflection,398.0,61.0,10.0
20211205_195658.jpg,37341.0,CW3808-001,Horizontal,Clear,Clear,508.0,64.0,10.0
20211205_195807.jpg,37703.0,DB2880-100,Horizontal,Clear,Clear,442.0,62.0,10.0
20211205_195820.jpg,34061.0,DB2880-001,Horizontal,Blur,Shadow,498.0,62.0,10.0
20211205_195832.jpg,40575.0,DA5380-110,Horizontal,Tilted,Clear,729.0,93.0,10.0
20211205_195851.jpg,40945.0,DC6477-001,Horizontal,Tilted,Clear,561.0,81.0,10.0
20211205_195900.jpg,48818.0,DC6477-400,Horizontal,Tilted,Reflection,604.0,108.0,10.0
20211205_195908.jpg,38135.0,DC6477-100,Horizontal,Clear,Clear,523.0,80.0,10.0
20211205_195922.jpg,38461.0,BQ3207-014,Horizontal,Tilted,Reflection,493.0,88.0,10.0
20211205_195949.jpg,40376.0,DO2791-100,Horizontal,Blur,Clear,499.0,84.0,10.0
IMG_20211205_200052_610.jpg,29072.0,FS1SIA3280X-WWT,Horizontal,Clear,Clear,387.0,59.0,15.0
7-39CFA0047042.jpeg,37383.0,7-39CFA0047042,Diagonal,Blur,Shadow,722.0,175.0,14.0
144757C.jpg,2646.0,144757C,Diagonal,Clear,Clear,95.0,29.0,7.0
160458C.jpg,3333.0,160458C,Horizontal,Clear,Clear,119.0,31.0,7.0
500714.jpeg,8012.0,500714,Horizontal,Blur,Shadow,187.0,97.0,6.0
36933802.jpg,3662.0,369338 02,Diagonal,Clear,Clear,107.0,25.0,9.0
API011006.jpeg,20739.0,API 011006,Horizontal,Clear,Clear,447.0,96.0,10.0
ARTCP9448.jpeg,3536.0,ART CP9448,Diagonal,Clear,Clear,96.0,26.0,10.0
EG8357.jpeg,2789.0,EG8357,Diagonal,Clear,Clear,73.0,25.0,6.0
FS1SIA1011X.jpg,3738.0,FS1SIA1011X,Diagonal,Clear,Clear,134.0,46.0,11.0
FS1SIZ3220X.jpeg,13642.0,FS1SIZ3220X,Horizontal,Tilted,Clear,314.0,78.0,11.0
FW2752.jpg,3194.0,FW2752,Diagonal,Clear,Clear,105.0,39.0,6.0
J09603.jpeg,13188.0,J09603,Diagonal,Dirty,Clear,342.0,103.0,6.0
KKWK133M1.jpeg,20840.0,KKWK133M1,Horizontal,Tilted,Clear,434.0,88.0,9.0
L4040BK3.jpg,4327.0,L4040BK3,Horizontal,Clear,Clear,124.0,29.0,8.0
M9160C.jpeg,2521.0,M9160C,Horizontal,Clear,Clear,69.0,23.0,6.0
M9696C.jpeg,31521.0,M9696C,Diagonal,Blur,Clear,488.0,145.0,6.0
NBPDAF789I.jpg,3493.0,NBPDAF789I,Diagonal,Clear,Clear,102.0,31.0,10.0
PYA046001.jpeg,5276.0,PYA 046001,Diagonal,Clear,Clear,176.0,35.0,10.0
RESGLCX16100.jpeg,41670.0,RESGLCX16100,Diagonal,Clear,Clear,917.0,149.0,12.0
S12-51017.jpg,21664.0,S12-51017,Diagonal,Blur,Clear,472.0,131.0,9.0
S12-51052.JPG,26025.0,S12-51052,Diagonal,Clear,Clear,403.0,151.0,9.0
WF49946.jpg,2577.0,WF49946,Diagonal,Blur,Clear,90.0,28.0,7.0
WJ2MTES115.jpeg,12608.0,WJ2MTES115,Horizontal,Clear,Clear,415.0,48.0,10.0
YBP334.jpeg,12385.0,YBP334,Horizontal,Clear,Reflection,281.0,99.0,6.0
YYJ606004.jpeg,29747.0,YYJ606004,Horizontal,Clear,Clear,600.0,123.0,9.0
KakaoTalk_20211206_145622269_00.jpg,38418.0,SPW302621G,Left_Rot,Tilted,Clear,406.0,96.0,10.0
KakaoTalk_20211206_145622269_03.jpg,48808.0,F1XK25241-BEG,Left_Rot,Tilted,Clear,824.0,119.0,13.0
KakaoTalk_20211206_145622269_04.jpg,39623.0,M9166C,Left_Rot,Blur,Clear,475.0,161.0,6.0
KakaoTalk_20211206_145622269_05.jpg,68190.0,S001XG0,Right_Rot,Clear,Clear,436.0,336.0,7.0
KakaoTalk_20211206_145622269_06.jpg,36095.0,MVOSB407,Right_Rot,Tilted,Clear,410.0,79.0,8.0
KakaoTalk_20211206_145622269_07.jpg,30902.0,Q23449,Right_Rot,Blur,Shadow,342.0,101.0,6.0
KakaoTalk_20211206_145622269_08.jpg,40822.0,908999-016,Right_Rot,Tilted,Clear,449.0,95.0,10.0
KakaoTalk_20211206_145622269_09.jpg,52627.0,AH5222-100,Right_Rot,Blur,Clear,813.0,163.0,10.0
KakaoTalk_20211206_145622269_01.jpg,64658.0,EVM 004001,Left_Rot,Blur,Shadow,887.0,251.0,10.0
KakaoTalk_20211206_145622269_16.jpg,38753.0,B25176,Left_Rot,Clear,Clear,311.0,123.0,6.0
KakaoTalk_20211206_145622269_17.jpg,42556.0,DD1503 109,Right_Rot,Tilted,Clear,618.0,166.0,10.0
KakaoTalk_20211206_145622269_02.jpg,49310.0,CK2351-101,Left_Rot,Tilted,Shadow,865.0,158.0,10.0
KakaoTalk_20211206_145622269_15.jpg,27217.0,751505,Left_Rot,Blur,Shadow,207.0,88.0,6.0
KakaoTalk_20211206_145622269_18.jpg,76739.0,DD1503 109,Right_Rot,Clear,Clear,685.0,342.0,10.0
3Q1ZM_h_c.jpg,7102.0,3Q1ZM,Horizontal,Clear,Clear,251.0,92.0,5.0
VJP#F_h_c.jpg,6119.0,VJP#F,Horizontal,Clear,Clear,203.0,92.0,5.0
5J46N_h_c.jpg,4772.0,5J46N,Horizontal,Clear,Clear,166.0,92.0,5.0
V5B9E_h_c.jpg,6656.0,V5B9E,Horizontal,Clear,Clear,256.0,92.0,5.0
AYFD3_h_c.jpg,6403.0,AYFD3,Horizontal,Clear,Clear,251.0,92.0,5.0
D7STW_h_c.jpg,7536.0,D7STW,Horizontal,Clear,Clear,267.0,92.0,5.0
4BFSH_h_c.jpg,7781.0,4BFSH,Horizontal,Clear,Clear,294.0,92.0,5.0
Y5INT_h_c.jpg,6269.0,Y5INT,Horizontal,Clear,Clear,233.0,92.0,5.0
IZD1X_h_c.jpg,6388.0,IZD1X,Horizontal,Clear,Clear,239.0,92.0,5.0
SI0QT_h_c.jpg,5971.0,SI0QT,Horizontal,Clear,Clear,211.0,92.0,5.0
 2WVE_h_c.jpg,7120.0, 2WVE,Horizontal,Clear,Clear,299.0,92.0,5.0
LNCPP_h_c.jpg,8019.0,LNCPP,Horizontal,Clear,Clear,288.0,92.0,5.0
U4ERD_h_c.jpg,6994.0,U4ERD,Horizontal,Clear,Clear,260.0,92.0,5.0
ZRWLE_h_c.jpg,8127.0,ZRWLE,Horizontal,Clear,Clear,317.0,92.0,5.0
59FFH_h_c.jpg,6347.0,59FFH,Horizontal,Clear,Clear,235.0,92.0,5.0
RZ RO_h_c.jpg,5807.0,RZ RO,Horizontal,Clear,Clear,233.0,92.0,5.0
XY75-_h_c.jpg,8561.0,XY75-,Horizontal,Clear,Clear,327.0,92.0,5.0
JBICM_h_c.jpg,7913.0,JBICM,Horizontal,Clear,Clear,268.0,92.0,5.0
X9DQG_h_c.jpg,9403.0,X9DQG,Horizontal,Clear,Clear,341.0,92.0,5.0
6IV7I_h_c.jpg,5071.0,6IV7I,Horizontal,Clear,Clear,183.0,92.0,5.0
-1EB37_h_c.jpg,6299.0,-1EB37,Horizontal,Clear,Clear,234.0,92.0,6.0
D19CD _h_c.jpg,7973.0,D19CD ,Horizontal,Clear,Clear,305.0,92.0,6.0
GGSB2#_h_c.jpg,9786.0,GGSB2#,Horizontal,Clear,Clear,335.0,92.0,6.0
IMMJ3U_h_c.jpg,10091.0,IMMJ3U,Horizontal,Clear,Clear,378.0,92.0,6.0
5ZWCOD_h_c.jpg,8363.0,5ZWCOD,Horizontal,Clear,Clear,318.0,92.0,6.0
8034JJ_h_c.jpg,8213.0,8034JJ,Horizontal,Clear,Clear,307.0,92.0,6.0
9LVQ33_h_c.jpg,6420.0,9LVQ33,Horizontal,Clear,Clear,248.0,92.0,6.0
HKN7XZ_h_c.jpg,7776.0,HKN7XZ,Horizontal,Clear,Clear,287.0,92.0,6.0
XJ-JFW_h_c.jpg,11019.0,XJ-JFW,Horizontal,Clear,Clear,383.0,92.0,6.0
PA0OL8_h_c.jpg,9270.0,PA0OL8,Horizontal,Clear,Clear,369.0,92.0,6.0
UN#FPM_h_c.jpg,11671.0,UN#FPM,Horizontal,Clear,Clear,423.0,92.0,6.0
0UPWGD_h_c.jpg,10158.0,0UPWGD,Horizontal,Clear,Clear,379.0,92.0,6.0
OYK4VR_h_c.jpg,10472.0,OYK4VR,Horizontal,Clear,Clear,408.0,92.0,6.0
CFIN27_h_c.jpg,6807.0,CFIN27,Horizontal,Clear,Clear,261.0,92.0,6.0
O5O8JX_h_c.jpg,9222.0,O5O8JX,Horizontal,Clear,Clear,345.0,92.0,6.0
AM#MHF_h_c.jpg,7764.0,AM#MHF,Horizontal,Clear,Clear,322.0,92.0,6.0
YFIU Y_h_c.jpg,5655.0,YFIU Y,Horizontal,Clear,Clear,220.0,92.0,6.0
IHKC5D_h_c.jpg,7187.0,IHKC5D,Horizontal,Clear,Clear,300.0,92.0,6.0
X92JC2_h_c.jpg,6918.0,X92JC2,Horizontal,Clear,Clear,227.0,92.0,6.0
QUJXED_h_c.jpg,7367.0,QUJXED,Horizontal,Clear,Clear,274.0,92.0,6.0
K-# UKF_h_c.jpg,8298.0,K-# UKF,Horizontal,Clear,Clear,308.0,92.0,7.0
QQFF8O9_h_c.jpg,8848.0,QQFF8O9,Horizontal,Clear,Clear,324.0,92.0,7.0
GCJ5CMX_h_c.jpg,9921.0,GCJ5CMX,Horizontal,Clear,Clear,373.0,92.0,7.0
V#3391F_h_c.jpg,9301.0,V#3391F,Horizontal,Clear,Clear,352.0,92.0,7.0
B5CDF3X_h_c.jpg,10674.0,B5CDF3X,Horizontal,Clear,Clear,404.0,92.0,7.0
5RH3QD8_h_c.jpg,8173.0,5RH3QD8,Horizontal,Clear,Clear,333.0,92.0,7.0
F-16R8M_h_c.jpg,9211.0,F-16R8M,Horizontal,Clear,Clear,372.0,92.0,7.0
WZF- GO_h_c.jpg,9694.0,WZF- GO,Horizontal,Clear,Clear,387.0,92.0,7.0
937V06G_h_c.jpg,11381.0,937V06G,Horizontal,Clear,Clear,391.0,92.0,7.0
ZZQJK#O_h_c.jpg,8059.0,ZZQJK#O,Horizontal,Clear,Clear,299.0,92.0,7.0
7ZS6T-M_h_c.jpg,7706.0,7ZS6T-M,Horizontal,Clear,Clear,270.0,92.0,7.0
L#G5P-U_h_c.jpg,8246.0,L#G5P-U,Horizontal,Clear,Clear,308.0,92.0,7.0
EW67-MR_h_c.jpg,8867.0,EW67-MR,Horizontal,Clear,Clear,359.0,92.0,7.0
921T7#3_h_c.jpg,8755.0,921T7#3,Horizontal,Clear,Clear,317.0,92.0,7.0
JDV2BHO_h_c.jpg,9842.0,JDV2BHO,Horizontal,Clear,Clear,379.0,92.0,7.0
C9VMR3F_h_c.jpg,8301.0,C9VMR3F,Horizontal,Clear,Clear,306.0,92.0,7.0
SJ21XLU_h_c.jpg,8290.0,SJ21XLU,Horizontal,Clear,Clear,332.0,92.0,7.0
Q6E4WEW_h_c.jpg,10114.0,Q6E4WEW,Horizontal,Clear,Clear,364.0,92.0,7.0
08O8YAM_h_c.jpg,12317.0,08O8YAM,Horizontal,Clear,Clear,465.0,92.0,7.0
 R-R9GO_h_c.jpg,9919.0, R-R9GO,Horizontal,Clear,Clear,363.0,92.0,7.0
7WDI1C-5_h_c.jpg,12196.0,7WDI1C-5,Horizontal,Clear,Clear,443.0,92.0,8.0
BMAF31LK_h_c.jpg,10454.0,BMAF31LK,Horizontal,Clear,Clear,397.0,92.0,8.0
4VMH9E-E_h_c.jpg,9642.0,4VMH9E-E,Horizontal,Clear,Clear,383.0,92.0,8.0
 8X153OI_h_c.jpg,8953.0, 8X153OI,Horizontal,Clear,Clear,347.0,92.0,8.0
6 1IWGOP_h_c.jpg,10139.0,6 1IWGOP,Horizontal,Clear,Clear,407.0,92.0,8.0
R8XUBEDP_h_c.jpg,11821.0,R8XUBEDP,Horizontal,Clear,Clear,455.0,92.0,8.0
2QIZF0S7_h_c.jpg,9094.0,2QIZF0S7,Horizontal,Clear,Clear,327.0,92.0,8.0
T9IH86JA_h_c.jpg,10388.0,T9IH86JA,Horizontal,Clear,Clear,384.0,92.0,8.0
J13GDPLN_h_c.jpg,4981.0,J13GDPLN,Horizontal,Clear,Clear,173.0,92.0,8.0
ID8N872R_h_c.jpg,10123.0,ID8N872R,Horizontal,Clear,Clear,361.0,92.0,8.0
O25IMUHV_h_c.jpg,11727.0,O25IMUHV,Horizontal,Clear,Clear,431.0,92.0,8.0
JQ9RT9ZQ_h_c.jpg,10253.0,JQ9RT9ZQ,Horizontal,Clear,Clear,353.0,92.0,8.0
JAJLH7NO_h_c.jpg,9911.0,JAJLH7NO,Horizontal,Clear,Clear,399.0,92.0,8.0
ZABVNV0Y_h_c.jpg,11088.0,ZABVNV0Y,Horizontal,Clear,Clear,455.0,92.0,8.0
LTF2 OLM_h_c.jpg,10766.0,LTF2 OLM,Horizontal,Clear,Clear,414.0,92.0,8.0
 VVVB7B4_h_c.jpg,12601.0, VVVB7B4,Horizontal,Clear,Clear,479.0,92.0,8.0
7A4BEVCY_h_c.jpg,12103.0,7A4BEVCY,Horizontal,Clear,Clear,428.0,92.0,8.0
B- 2GSKT_h_c.jpg,7571.0,B- 2GSKT,Horizontal,Clear,Clear,290.0,92.0,8.0
ZBNUK7XY_h_c.jpg,10957.0,ZBNUK7XY,Horizontal,Clear,Clear,399.0,92.0,8.0
JZNF9K0R_h_c.jpg,11174.0,JZNF9K0R,Horizontal,Clear,Clear,412.0,92.0,8.0
QXGXRGWG5_h_c.jpg,15143.0,QXGXRGWG5,Horizontal,Clear,Clear,521.0,92.0,9.0
 ZUPGUJGZ_h_c.jpg,9727.0, ZUPGUJGZ,Horizontal,Clear,Clear,359.0,92.0,9.0
NFQ-E- 09_h_c.jpg,9284.0,NFQ-E- 09,Horizontal,Clear,Clear,359.0,92.0,9.0
KP95 BXUU_h_c.jpg,10958.0,KP95 BXUU,Horizontal,Clear,Clear,409.0,92.0,9.0
RBAQ0KA5V_h_c.jpg,12142.0,RBAQ0KA5V,Horizontal,Clear,Clear,425.0,92.0,9.0
ZYGQ7 8GL_h_c.jpg,11241.0,ZYGQ7 8GL,Horizontal,Clear,Clear,412.0,92.0,9.0
TEHQG5HWE_h_c.jpg,18324.0,TEHQG5HWE,Horizontal,Clear,Clear,616.0,92.0,9.0
X4HYPQ8IQ_h_c.jpg,10713.0,X4HYPQ8IQ,Horizontal,Clear,Clear,402.0,92.0,9.0
PL1MQ0X9B_h_c.jpg,10878.0,PL1MQ0X9B,Horizontal,Clear,Clear,397.0,92.0,9.0
HU84MEZUQ_h_c.jpg,11330.0,HU84MEZUQ,Horizontal,Clear,Clear,427.0,92.0,9.0
FH 345O84_h_c.jpg,13242.0,FH 345O84,Horizontal,Clear,Clear,495.0,92.0,9.0
WL44NZ0#O_h_c.jpg,12160.0,WL44NZ0#O,Horizontal,Clear,Clear,496.0,92.0,9.0
6TLNOX07-_h_c.jpg,12321.0,6TLNOX07-,Horizontal,Clear,Clear,440.0,92.0,9.0
80CNWOHIB_h_c.jpg,11320.0,80CNWOHIB,Horizontal,Clear,Clear,444.0,92.0,9.0
NO#VD2EV3_h_c.jpg,12843.0,NO#VD2EV3,Horizontal,Clear,Clear,472.0,92.0,9.0
EDTH#X4H _h_c.jpg,14916.0,EDTH#X4H ,Horizontal,Clear,Clear,595.0,92.0,9.0
HD75VN3YC_h_c.jpg,6422.0,HD75VN3YC,Horizontal,Clear,Clear,223.0,92.0,9.0
WLELE QL7_h_c.jpg,8347.0,WLELE QL7,Horizontal,Clear,Clear,330.0,92.0,9.0
4GXWWV88I_h_c.jpg,12739.0,4GXWWV88I,Horizontal,Clear,Clear,471.0,92.0,9.0
3BYJL5E3Y_h_c.jpg,9664.0,3BYJL5E3Y,Horizontal,Clear,Clear,406.0,92.0,9.0
CIAX77LH4Z_h_c.jpg,11779.0,CIAX77LH4Z,Horizontal,Clear,Clear,454.0,92.0,10.0
NF32WN-76U_h_c.jpg,9662.0,NF32WN-76U,Horizontal,Clear,Clear,386.0,92.0,10.0
-BB5TRU-K4_h_c.jpg,11057.0,-BB5TRU-K4,Horizontal,Clear,Clear,396.0,92.0,10.0
C5581DZA1R_h_c.jpg,13011.0,C5581DZA1R,Horizontal,Clear,Clear,516.0,92.0,10.0
J127DD97 6_h_c.jpg,10045.0,J127DD97 6,Horizontal,Clear,Clear,432.0,92.0,10.0
ZCZ0VCRKJD_h_c.jpg,13493.0,ZCZ0VCRKJD,Horizontal,Clear,Clear,482.0,92.0,10.0
AT12 JD0XD_h_c.jpg,14284.0,AT12 JD0XD,Horizontal,Clear,Clear,539.0,92.0,10.0
20HWZFEFPP_h_c.jpg,13568.0,20HWZFEFPP,Horizontal,Clear,Clear,510.0,92.0,10.0
SB2J3ORWZF_h_c.jpg,13680.0,SB2J3ORWZF,Horizontal,Clear,Clear,493.0,92.0,10.0
24YBE7HR42_h_c.jpg,13940.0,24YBE7HR42,Horizontal,Clear,Clear,520.0,92.0,10.0
JHZIA#ABZA_h_c.jpg,13223.0,JHZIA#ABZA,Horizontal,Clear,Clear,573.0,92.0,10.0
ZXERR6T3IG_h_c.jpg,11913.0,ZXERR6T3IG,Horizontal,Clear,Clear,477.0,92.0,10.0
58M9MT38-2_h_c.jpg,11853.0,58M9MT38-2,Horizontal,Clear,Clear,470.0,92.0,10.0
TIR#B8SYZI_h_c.jpg,11834.0,TIR#B8SYZI,Horizontal,Clear,Clear,477.0,92.0,10.0
T5-O23QR1B_h_c.jpg,11048.0,T5-O23QR1B,Horizontal,Clear,Clear,412.0,92.0,10.0
 RXN6LSAS1_h_c.jpg,12241.0, RXN6LSAS1,Horizontal,Clear,Clear,457.0,92.0,10.0
7EGLO8DZS0_h_c.jpg,17956.0,7EGLO8DZS0,Horizontal,Clear,Clear,669.0,92.0,10.0
EBE3KQ34FQ_h_c.jpg,15334.0,EBE3KQ34FQ,Horizontal,Clear,Clear,558.0,92.0,10.0
WL9OU1U6T9_h_c.jpg,17219.0,WL9OU1U6T9,Horizontal,Clear,Clear,658.0,92.0,10.0
D5UNRU6DPM_h_c.jpg,12400.0,D5UNRU6DPM,Horizontal,Clear,Clear,502.0,92.0,10.0
GUXY8RKVGKP_h_c.jpg,12967.0,GUXY8RKVGKP,Horizontal,Clear,Clear,483.0,92.0,11.0
G QPWM-AT78_h_c.jpg,13944.0,G QPWM-AT78,Horizontal,Clear,Clear,523.0,92.0,11.0
KO6BCUQP #I_h_c.jpg,14569.0,KO6BCUQP #I,Horizontal,Clear,Clear,571.0,92.0,11.0
RV5SBJ4VU96_h_c.jpg,18251.0,RV5SBJ4VU96,Horizontal,Clear,Clear,704.0,92.0,11.0
LXBXZK-ACC-_h_c.jpg,12536.0,LXBXZK-ACC-,Horizontal,Clear,Clear,473.0,92.0,11.0
J9Y78YNSASV_h_c.jpg,16150.0,J9Y78YNSASV,Horizontal,Clear,Clear,633.0,92.0,11.0
PG FZL WBEA_h_c.jpg,12150.0,PG FZL WBEA,Horizontal,Clear,Clear,479.0,92.0,11.0
8RT#7KRMXVL_h_c.jpg,12508.0,8RT#7KRMXVL,Horizontal,Clear,Clear,497.0,92.0,11.0
TYPOJ7SWHKS_h_c.jpg,18018.0,TYPOJ7SWHKS,Horizontal,Clear,Clear,654.0,92.0,11.0
C-#42J0HKB4_h_c.jpg,16311.0,C-#42J0HKB4,Horizontal,Clear,Clear,647.0,92.0,11.0
PB0I61G7V7W_h_c.jpg,16476.0,PB0I61G7V7W,Horizontal,Clear,Clear,630.0,92.0,11.0
 98 NHVY7OP_h_c.jpg,14279.0, 98 NHVY7OP,Horizontal,Clear,Clear,554.0,92.0,11.0
J6L8Y-DZK2W_h_c.jpg,16483.0,J6L8Y-DZK2W,Horizontal,Clear,Clear,650.0,92.0,11.0
BCQ7KLH4E33_h_c.jpg,12859.0,BCQ7KLH4E33,Horizontal,Clear,Clear,514.0,92.0,11.0
ESPFY20360I_h_c.jpg,15882.0,ESPFY20360I,Horizontal,Clear,Clear,593.0,92.0,11.0
ZGQQR3Y1KII_h_c.jpg,11362.0,ZGQQR3Y1KII,Horizontal,Clear,Clear,410.0,92.0,11.0
AFNS2T8MB-0_h_c.jpg,12585.0,AFNS2T8MB-0,Horizontal,Clear,Clear,495.0,92.0,11.0
 MN#4 E3-QY_h_c.jpg,12733.0, MN#4 E3-QY,Horizontal,Clear,Clear,479.0,92.0,11.0
#8OY8QO7D1K_h_c.jpg,13894.0,#8OY8QO7D1K,Horizontal,Clear,Clear,487.0,92.0,11.0
#D6FY3RPGIN_h_c.jpg,13463.0,#D6FY3RPGIN,Horizontal,Clear,Clear,517.0,92.0,11.0
O2NOE4C7BZDF_h_c.jpg,16415.0,O2NOE4C7BZDF,Horizontal,Clear,Clear,625.0,92.0,12.0
8P59#JSPNMRS_h_c.jpg,14965.0,8P59#JSPNMRS,Horizontal,Clear,Clear,568.0,92.0,12.0
DPRV0LQZ6LBE_h_c.jpg,14577.0,DPRV0LQZ6LBE,Horizontal,Clear,Clear,561.0,92.0,12.0
-D0D76N7N 3A_h_c.jpg,14419.0,-D0D76N7N 3A,Horizontal,Clear,Clear,581.0,92.0,12.0
RT#PW8W OUYT_h_c.jpg,18782.0,RT#PW8W OUYT,Horizontal,Clear,Clear,756.0,92.0,12.0
0T7P-4OPUMNP_h_c.jpg,16397.0,0T7P-4OPUMNP,Horizontal,Clear,Clear,640.0,92.0,12.0
TTGB 2QZ8A03_h_c.jpg,13765.0,TTGB 2QZ8A03,Horizontal,Clear,Clear,553.0,92.0,12.0
#4#D-Y4-92CJ_h_c.jpg,13531.0,#4#D-Y4-92CJ,Horizontal,Clear,Clear,541.0,92.0,12.0
A8PD CEO2L2U_h_c.jpg,18058.0,A8PD CEO2L2U,Horizontal,Clear,Clear,598.0,92.0,12.0
7H-NFKXEAN#8_h_c.jpg,15012.0,7H-NFKXEAN#8,Horizontal,Clear,Clear,572.0,92.0,12.0
VQZNVJECGLNQ_h_c.jpg,12225.0,VQZNVJECGLNQ,Horizontal,Clear,Clear,459.0,92.0,12.0
A-IVN##AALGG_h_c.jpg,14094.0,A-IVN##AALGG,Horizontal,Clear,Clear,535.0,92.0,12.0
5O12JN#1L0KV_h_c.jpg,14080.0,5O12JN#1L0KV,Horizontal,Clear,Clear,571.0,92.0,12.0
591BKV#I1233_h_c.jpg,13620.0,591BKV#I1233,Horizontal,Clear,Clear,518.0,92.0,12.0
R4M35#5EYN05_h_c.jpg,16945.0,R4M35#5EYN05,Horizontal,Clear,Clear,622.0,92.0,12.0
1F#3EMKAS1YT_h_c.jpg,13543.0,1F#3EMKAS1YT,Horizontal,Clear,Clear,502.0,92.0,12.0
0VWXM148TS16_h_c.jpg,15100.0,0VWXM148TS16,Horizontal,Clear,Clear,643.0,92.0,12.0
FNO0D3SI8-52_h_c.jpg,14610.0,FNO0D3SI8-52,Horizontal,Clear,Clear,561.0,92.0,12.0
FZRTWZM40#MC_h_c.jpg,21316.0,FZRTWZM40#MC,Horizontal,Clear,Clear,780.0,92.0,12.0
T1ZMN#76O1VJ_h_c.jpg,18265.0,T1ZMN#76O1VJ,Horizontal,Clear,Clear,692.0,92.0,12.0
YC8AEFFJNXV6U_h_c.jpg,19725.0,YC8AEFFJNXV6U,Horizontal,Clear,Clear,749.0,92.0,13.0
6C4#R9DE9FA9V_h_c.jpg,17605.0,6C4#R9DE9FA9V,Horizontal,Clear,Clear,632.0,92.0,13.0
A7Y7226RZY1MO_h_c.jpg,15942.0,A7Y7226RZY1MO,Horizontal,Clear,Clear,612.0,92.0,13.0
JDEBP6G7FNFZ4_h_c.jpg,12857.0,JDEBP6G7FNFZ4,Horizontal,Clear,Clear,517.0,92.0,13.0
LKS8T556VJT3V_h_c.jpg,15440.0,LKS8T556VJT3V,Horizontal,Clear,Clear,583.0,92.0,13.0
-ZT8Q51KXS5BV_h_c.jpg,16448.0,-ZT8Q51KXS5BV,Horizontal,Clear,Clear,596.0,92.0,13.0
0K#O21OUYW N#_h_c.jpg,19076.0,0K#O21OUYW N#,Horizontal,Clear,Clear,691.0,92.0,13.0
YQW8BW0RLNE7Q_h_c.jpg,18355.0,YQW8BW0RLNE7Q,Horizontal,Clear,Clear,678.0,92.0,13.0
Q83YK0O8NRN4M_h_c.jpg,8205.0,Q83YK0O8NRN4M,Horizontal,Clear,Clear,292.0,92.0,13.0
NT IR0 PK -#R_h_c.jpg,13272.0,NT IR0 PK -#R,Horizontal,Clear,Clear,505.0,92.0,13.0
F9EP01DJG65FJ_h_c.jpg,16160.0,F9EP01DJG65FJ,Horizontal,Clear,Clear,608.0,92.0,13.0
6R037LD6KDXSU_h_c.jpg,16595.0,6R037LD6KDXSU,Horizontal,Clear,Clear,689.0,92.0,13.0
1A# 66HTIVP42_h_c.jpg,15115.0,1A# 66HTIVP42,Horizontal,Clear,Clear,569.0,92.0,13.0
1YHD77H9LTS5I_h_c.jpg,16369.0,1YHD77H9LTS5I,Horizontal,Clear,Clear,641.0,92.0,13.0
6GI93FD6AORQS_h_c.jpg,16496.0,6GI93FD6AORQS,Horizontal,Clear,Clear,592.0,92.0,13.0
20NP8HP29Z#VH_h_c.jpg,21363.0,20NP8HP29Z#VH,Horizontal,Clear,Clear,762.0,92.0,13.0
413D-N7QIRM-T_h_c.jpg,14920.0,413D-N7QIRM-T,Horizontal,Clear,Clear,573.0,92.0,13.0
-OQRHUO 79CP9_h_c.jpg,11885.0,-OQRHUO 79CP9,Horizontal,Clear,Clear,457.0,92.0,13.0
HC8XS3P2C78T-_h_c.jpg,15927.0,HC8XS3P2C78T-,Horizontal,Clear,Clear,608.0,92.0,13.0
L42TRZP#-2INB_h_c.jpg,16720.0,L42TRZP#-2INB,Horizontal,Clear,Clear,627.0,92.0,13.0
ZTEE-M8LSB0951_h_c.jpg,20347.0,ZTEE-M8LSB0951,Horizontal,Clear,Clear,678.0,92.0,14.0
SWP0BHBVJRXNED_h_c.jpg,15829.0,SWP0BHBVJRXNED,Horizontal,Clear,Clear,610.0,92.0,14.0
UOWFL0ME5CBVNJ_h_c.jpg,20137.0,UOWFL0ME5CBVNJ,Horizontal,Clear,Clear,797.0,92.0,14.0
PIVS3R#KPM3R G_h_c.jpg,15262.0,PIVS3R#KPM3R G,Horizontal,Clear,Clear,642.0,92.0,14.0
#EVYW9F2 MZE U_h_c.jpg,18129.0,#EVYW9F2 MZE U,Horizontal,Clear,Clear,695.0,92.0,14.0
GGWZ3-IMO0Q739_h_c.jpg,17409.0,GGWZ3-IMO0Q739,Horizontal,Clear,Clear,687.0,92.0,14.0
T6IAM9S#35L17M_h_c.jpg,26169.0,T6IAM9S#35L17M,Horizontal,Clear,Clear,836.0,92.0,14.0
ZCKIM7NZG2UD0#_h_c.jpg,17486.0,ZCKIM7NZG2UD0#,Horizontal,Clear,Clear,685.0,92.0,14.0
PPP8--AJULVU1K_h_c.jpg,15842.0,PPP8--AJULVU1K,Horizontal,Clear,Clear,619.0,92.0,14.0
19W184CZDY3#YC_h_c.jpg,17465.0,19W184CZDY3#YC,Horizontal,Clear,Clear,685.0,92.0,14.0
EX73UW2D##15M2_h_c.jpg,21605.0,EX73UW2D##15M2,Horizontal,Clear,Clear,815.0,92.0,14.0
NNC0AJ0VW82YSC_h_c.jpg,17384.0,NNC0AJ0VW82YSC,Horizontal,Clear,Clear,744.0,92.0,14.0
9M5UWL8YNKQB4E_h_c.jpg,19553.0,9M5UWL8YNKQB4E,Horizontal,Clear,Clear,676.0,92.0,14.0
AOUSCGG65ANXFI_h_c.jpg,16254.0,AOUSCGG65ANXFI,Horizontal,Clear,Clear,665.0,92.0,14.0
5X0TNA161VINPU_h_c.jpg,16342.0,5X0TNA161VINPU,Horizontal,Clear,Clear,674.0,92.0,14.0
KWGZ02GV6IZPT#_h_c.jpg,24819.0,KWGZ02GV6IZPT#,Horizontal,Clear,Clear,969.0,92.0,14.0
LFQFYVOII3EGLK_h_c.jpg,8007.0,LFQFYVOII3EGLK,Horizontal,Clear,Clear,282.0,92.0,14.0
TY-HQ2R3Y4WP9 _h_c.jpg,13740.0,TY-HQ2R3Y4WP9 ,Horizontal,Clear,Clear,526.0,92.0,14.0
RB02MD3NHJTF0Y_h_c.jpg,15926.0,RB02MD3NHJTF0Y,Horizontal,Clear,Clear,576.0,92.0,14.0
9L3SK24P1VH5V9_h_c.jpg,15758.0,9L3SK24P1VH5V9,Horizontal,Clear,Clear,667.0,92.0,14.0
OTJK3_h_b.jpg,2869.0,OTJK3,Horizontal,Blur,Clear,238.0,92.0,5.0
2FM 2_h_b.jpg,2190.0,2FM 2,Horizontal,Blur,Clear,173.0,92.0,5.0
9JHY7_h_b.jpg,2124.0,9JHY7,Horizontal,Blur,Clear,190.0,92.0,5.0
R#0UM_h_b.jpg,3121.0,R#0UM,Horizontal,Blur,Clear,288.0,92.0,5.0
9ZEI7_h_b.jpg,2871.0,9ZEI7,Horizontal,Blur,Clear,211.0,92.0,5.0
6P8IG_h_b.jpg,2709.0,6P8IG,Horizontal,Blur,Clear,216.0,92.0,5.0
6ZM94_h_b.jpg,3663.0,6ZM94,Horizontal,Blur,Clear,305.0,92.0,5.0
D#CU6_h_b.jpg,3548.0,D#CU6,Horizontal,Blur,Clear,252.0,92.0,5.0
N57Y _h_b.jpg,2285.0,N57Y ,Horizontal,Blur,Clear,215.0,92.0,5.0
 WN1U_h_b.jpg,3385.0, WN1U,Horizontal,Blur,Clear,286.0,92.0,5.0
BU876_h_b.jpg,3591.0,BU876,Horizontal,Blur,Clear,264.0,92.0,5.0
A9-M3_h_b.jpg,3221.0,A9-M3,Horizontal,Blur,Clear,242.0,92.0,5.0
-VGM7_h_b.jpg,2932.0,-VGM7,Horizontal,Blur,Clear,256.0,92.0,5.0
5H0ET_h_b.jpg,1920.0,5H0ET,Horizontal,Blur,Clear,241.0,92.0,5.0
QTJLQ_h_b.jpg,2695.0,QTJLQ,Horizontal,Blur,Clear,212.0,92.0,5.0
C3IM0_h_b.jpg,3093.0,C3IM0,Horizontal,Blur,Clear,241.0,92.0,5.0
CHB2W_h_b.jpg,4028.0,CHB2W,Horizontal,Blur,Clear,389.0,92.0,5.0
WQI5P_h_b.jpg,3310.0,WQI5P,Horizontal,Blur,Clear,279.0,92.0,5.0
RJPC0_h_b.jpg,3099.0,RJPC0,Horizontal,Blur,Clear,332.0,92.0,5.0
#EX4U_h_b.jpg,2923.0,#EX4U,Horizontal,Blur,Clear,244.0,92.0,5.0
FNIXSY_h_b.jpg,3176.0,FNIXSY,Horizontal,Blur,Clear,242.0,92.0,6.0
PCMMP5_h_b.jpg,4132.0,PCMMP5,Horizontal,Blur,Clear,361.0,92.0,6.0
WOXWU7_h_b.jpg,4010.0,WOXWU7,Horizontal,Blur,Clear,386.0,92.0,6.0
QB-X4J_h_b.jpg,3018.0,QB-X4J,Horizontal,Blur,Clear,346.0,92.0,6.0
-V24S3_h_b.jpg,2043.0,-V24S3,Horizontal,Blur,Clear,250.0,92.0,6.0
H#P3IR_h_b.jpg,3340.0,H#P3IR,Horizontal,Blur,Clear,350.0,92.0,6.0
B3TYSN_h_b.jpg,3347.0,B3TYSN,Horizontal,Blur,Clear,285.0,92.0,6.0
V0NNY9_h_b.jpg,3884.0,V0NNY9,Horizontal,Blur,Clear,280.0,92.0,6.0
9 J87C_h_b.jpg,2720.0,9 J87C,Horizontal,Blur,Clear,259.0,92.0,6.0
7OXEQ _h_b.jpg,2688.0,7OXEQ ,Horizontal,Blur,Clear,365.0,92.0,6.0
FKSKSM_h_b.jpg,4443.0,FKSKSM,Horizontal,Blur,Clear,390.0,92.0,6.0
M0HGQ6_h_b.jpg,4365.0,M0HGQ6,Horizontal,Blur,Clear,331.0,92.0,6.0
-I6QIG_h_b.jpg,2966.0,-I6QIG,Horizontal,Blur,Clear,240.0,92.0,6.0
GT4ROW_h_b.jpg,2554.0,GT4ROW,Horizontal,Blur,Clear,336.0,92.0,6.0
Q8K7 D_h_b.jpg,2757.0,Q8K7 D,Horizontal,Blur,Clear,276.0,92.0,6.0
MJN#U0_h_b.jpg,2652.0,MJN#U0,Horizontal,Blur,Clear,259.0,92.0,6.0
5D1POL_h_b.jpg,2570.0,5D1POL,Horizontal,Blur,Clear,290.0,92.0,6.0
QYYYMO_h_b.jpg,3626.0,QYYYMO,Horizontal,Blur,Clear,320.0,92.0,6.0
TYBJEG_h_b.jpg,2965.0,TYBJEG,Horizontal,Blur,Clear,235.0,92.0,6.0
NI1X#Y_h_b.jpg,3574.0,NI1X#Y,Horizontal,Blur,Clear,276.0,92.0,6.0
0AX3HOC_h_b.jpg,3787.0,0AX3HOC,Horizontal,Blur,Clear,379.0,92.0,7.0
2K#6L43_h_b.jpg,2957.0,2K#6L43,Horizontal,Blur,Clear,329.0,92.0,7.0
DD9KRV-_h_b.jpg,4100.0,DD9KRV-,Horizontal,Blur,Clear,357.0,92.0,7.0
BIAJXAC_h_b.jpg,4750.0,BIAJXAC,Horizontal,Blur,Clear,348.0,92.0,7.0
ED567O3_h_b.jpg,3963.0,ED567O3,Horizontal,Blur,Clear,427.0,92.0,7.0
SP3J8OG_h_b.jpg,3758.0,SP3J8OG,Horizontal,Blur,Clear,302.0,92.0,7.0
X3A5RDB_h_b.jpg,4250.0,X3A5RDB,Horizontal,Blur,Clear,346.0,92.0,7.0
N- O7CN_h_b.jpg,3912.0,N- O7CN,Horizontal,Blur,Clear,329.0,92.0,7.0
JBL3R3V_h_b.jpg,3508.0,JBL3R3V,Horizontal,Blur,Clear,306.0,92.0,7.0
#WIFXJM_h_b.jpg,3670.0,#WIFXJM,Horizontal,Blur,Clear,302.0,92.0,7.0
PF607M5_h_b.jpg,3451.0,PF607M5,Horizontal,Blur,Clear,287.0,92.0,7.0
2HNIAW8_h_b.jpg,3929.0,2HNIAW8,Horizontal,Blur,Clear,338.0,92.0,7.0
NSWAO#E_h_b.jpg,4766.0,NSWAO#E,Horizontal,Blur,Clear,373.0,92.0,7.0
WHG4I0U_h_b.jpg,4526.0,WHG4I0U,Horizontal,Blur,Clear,369.0,92.0,7.0
 OCHJ-W_h_b.jpg,4214.0, OCHJ-W,Horizontal,Blur,Clear,348.0,92.0,7.0
VAA7W-K_h_b.jpg,3617.0,VAA7W-K,Horizontal,Blur,Clear,301.0,92.0,7.0
U6ZI7UJ_h_b.jpg,2652.0,U6ZI7UJ,Horizontal,Blur,Clear,327.0,92.0,7.0
R9NAU 0_h_b.jpg,4157.0,R9NAU 0,Horizontal,Blur,Clear,331.0,92.0,7.0
WAFS3XG_h_b.jpg,5790.0,WAFS3XG,Horizontal,Blur,Clear,443.0,92.0,7.0
M8CJRHF_h_b.jpg,4529.0,M8CJRHF,Horizontal,Blur,Clear,374.0,92.0,7.0
E1 JFTCM_h_b.jpg,3909.0,E1 JFTCM,Horizontal,Blur,Clear,439.0,92.0,8.0
THRI8BGK_h_b.jpg,5247.0,THRI8BGK,Horizontal,Blur,Clear,401.0,92.0,8.0
14HM7PQ9_h_b.jpg,3124.0,14HM7PQ9,Horizontal,Blur,Clear,379.0,92.0,8.0
B0ONIPJT_h_b.jpg,3765.0,B0ONIPJT,Horizontal,Blur,Clear,317.0,92.0,8.0
E-V50 W8_h_b.jpg,3174.0,E-V50 W8,Horizontal,Blur,Clear,364.0,92.0,8.0
IPK 2FJW_h_b.jpg,3518.0,IPK 2FJW,Horizontal,Blur,Clear,388.0,92.0,8.0
PK8IBVIQ_h_b.jpg,4224.0,PK8IBVIQ,Horizontal,Blur,Clear,323.0,92.0,8.0
WFITO0T _h_b.jpg,4897.0,WFITO0T ,Horizontal,Blur,Clear,424.0,92.0,8.0
055SDLJP_h_b.jpg,2106.0,055SDLJP,Horizontal,Blur,Clear,160.0,92.0,8.0
AID0CI2D_h_b.jpg,4343.0,AID0CI2D,Horizontal,Blur,Clear,338.0,92.0,8.0
7M5HQI9B_h_b.jpg,4615.0,7M5HQI9B,Horizontal,Blur,Clear,365.0,92.0,8.0
J#NLD07P_h_b.jpg,3782.0,J#NLD07P,Horizontal,Blur,Clear,353.0,92.0,8.0
X2#05N91_h_b.jpg,4300.0,X2#05N91,Horizontal,Blur,Clear,372.0,92.0,8.0
OP0OS8ZY_h_b.jpg,4987.0,OP0OS8ZY,Horizontal,Blur,Clear,432.0,92.0,8.0
TGT0KLVW_h_b.jpg,4414.0,TGT0KLVW,Horizontal,Blur,Clear,489.0,92.0,8.0
3HH83QNX_h_b.jpg,5764.0,3HH83QNX,Horizontal,Blur,Clear,476.0,92.0,8.0
XGH3UC9D_h_b.jpg,4492.0,XGH3UC9D,Horizontal,Blur,Clear,459.0,92.0,8.0
6DIE3CLH_h_b.jpg,3459.0,6DIE3CLH,Horizontal,Blur,Clear,305.0,92.0,8.0
J4YIPD#S_h_b.jpg,3750.0,J4YIPD#S,Horizontal,Blur,Clear,363.0,92.0,8.0
KCD1753X_h_b.jpg,5551.0,KCD1753X,Horizontal,Blur,Clear,431.0,92.0,8.0
L4S6--4U1_h_b.jpg,4480.0,L4S6--4U1,Horizontal,Blur,Clear,394.0,92.0,9.0
Z05NW#RC3_h_b.jpg,6449.0,Z05NW#RC3,Horizontal,Blur,Clear,477.0,92.0,9.0
QZ8W4K#AQ_h_b.jpg,5076.0,QZ8W4K#AQ,Horizontal,Blur,Clear,472.0,92.0,9.0
SDO 25S92_h_b.jpg,3895.0,SDO 25S92,Horizontal,Blur,Clear,393.0,92.0,9.0
2NKZ3E2-F_h_b.jpg,4469.0,2NKZ3E2-F,Horizontal,Blur,Clear,425.0,92.0,9.0
V3C1T-#91_h_b.jpg,5286.0,V3C1T-#91,Horizontal,Blur,Clear,452.0,92.0,9.0
HP9WJ5NO5_h_b.jpg,7217.0,HP9WJ5NO5,Horizontal,Blur,Clear,570.0,92.0,9.0
H73 NZ7HD_h_b.jpg,5190.0,H73 NZ7HD,Horizontal,Blur,Clear,423.0,92.0,9.0
Z#4HA7CZL_h_b.jpg,4255.0,Z#4HA7CZL,Horizontal,Blur,Clear,419.0,92.0,9.0
4ATBT 8NT_h_b.jpg,4974.0,4ATBT 8NT,Horizontal,Blur,Clear,401.0,92.0,9.0
3Q9JQFVWO_h_b.jpg,4540.0,3Q9JQFVWO,Horizontal,Blur,Clear,535.0,92.0,9.0
#9GNY2JV7_h_b.jpg,2587.0,#9GNY2JV7,Horizontal,Blur,Clear,452.0,92.0,9.0
#BQ#RWFA1_h_b.jpg,5201.0,#BQ#RWFA1,Horizontal,Blur,Clear,436.0,92.0,9.0
SDETDDKYI_h_b.jpg,3319.0,SDETDDKYI,Horizontal,Blur,Clear,420.0,92.0,9.0
53FZDAT6R_h_b.jpg,5130.0,53FZDAT6R,Horizontal,Blur,Clear,445.0,92.0,9.0
BB0K-JZCY_h_b.jpg,6807.0,BB0K-JZCY,Horizontal,Blur,Clear,612.0,92.0,9.0
A0-IOQPR6_h_b.jpg,2119.0,A0-IOQPR6,Horizontal,Blur,Clear,197.0,92.0,9.0
ERPA#5BVK_h_b.jpg,5035.0,ERPA#5BVK,Horizontal,Blur,Clear,396.0,92.0,9.0
7YTY#Q2RO_h_b.jpg,4257.0,7YTY#Q2RO,Horizontal,Blur,Clear,392.0,92.0,9.0
80 CZHQKI_h_b.jpg,2264.0,80 CZHQKI,Horizontal,Blur,Clear,352.0,92.0,9.0
38UNUOQUO7_h_b.jpg,5290.0,38UNUOQUO7,Horizontal,Blur,Clear,528.0,92.0,10.0
2VZ8S3QR-3_h_b.jpg,4445.0,2VZ8S3QR-3,Horizontal,Blur,Clear,365.0,92.0,10.0
FIDAW5P70Q_h_b.jpg,3579.0,FIDAW5P70Q,Horizontal,Blur,Clear,369.0,92.0,10.0
N#E7JP6G4N_h_b.jpg,4673.0,N#E7JP6G4N,Horizontal,Blur,Clear,510.0,92.0,10.0
7BTX30I5IZ_h_b.jpg,4932.0,7BTX30I5IZ,Horizontal,Blur,Clear,428.0,92.0,10.0
9#F878KHIY_h_b.jpg,5411.0,9#F878KHIY,Horizontal,Blur,Clear,456.0,92.0,10.0
6I598UQRAG_h_b.jpg,4635.0,6I598UQRAG,Horizontal,Blur,Clear,530.0,92.0,10.0
5QIW7TDSJJ_h_b.jpg,5153.0,5QIW7TDSJJ,Horizontal,Blur,Clear,435.0,92.0,10.0
O6S66VV27Q_h_b.jpg,4745.0,O6S66VV27Q,Horizontal,Blur,Clear,490.0,92.0,10.0
CMT-C3R2R5_h_b.jpg,5941.0,CMT-C3R2R5,Horizontal,Blur,Clear,519.0,92.0,10.0
B0Z528#IH2_h_b.jpg,5529.0,B0Z528#IH2,Horizontal,Blur,Clear,478.0,92.0,10.0
8DF550LHV1_h_b.jpg,4847.0,8DF550LHV1,Horizontal,Blur,Clear,470.0,92.0,10.0
8M-2UKP3PI_h_b.jpg,4251.0,8M-2UKP3PI,Horizontal,Blur,Clear,453.0,92.0,10.0
N0T F-SA3W_h_b.jpg,2973.0,N0T F-SA3W,Horizontal,Blur,Clear,465.0,92.0,10.0
12OBA4MOXP_h_b.jpg,6356.0,12OBA4MOXP,Horizontal,Blur,Clear,533.0,92.0,10.0
FAPWWEQN0-_h_b.jpg,5565.0,FAPWWEQN0-,Horizontal,Blur,Clear,462.0,92.0,10.0
- XCQ7XDHU_h_b.jpg,6539.0,- XCQ7XDHU,Horizontal,Blur,Clear,629.0,92.0,10.0
L-4MNWEP Y_h_b.jpg,5929.0,L-4MNWEP Y,Horizontal,Blur,Clear,588.0,92.0,10.0
EET44FB XS_h_b.jpg,5951.0,EET44FB XS,Horizontal,Blur,Clear,619.0,92.0,10.0
 D9SFL2R2U_h_b.jpg,4274.0, D9SFL2R2U,Horizontal,Blur,Clear,426.0,92.0,10.0
A5YP4UACIGB_h_b.jpg,5803.0,A5YP4UACIGB,Horizontal,Blur,Clear,450.0,92.0,11.0
OW73UH#ED 2_h_b.jpg,6557.0,OW73UH#ED 2,Horizontal,Blur,Clear,603.0,92.0,11.0
SJN33MHPZ7R_h_b.jpg,6035.0,SJN33MHPZ7R,Horizontal,Blur,Clear,537.0,92.0,11.0
UY801YGV83G_h_b.jpg,6184.0,UY801YGV83G,Horizontal,Blur,Clear,724.0,92.0,11.0
#DUX-UU044O_h_b.jpg,3525.0,#DUX-UU044O,Horizontal,Blur,Clear,507.0,92.0,11.0
GPHT-JV3HW1_h_b.jpg,5203.0,GPHT-JV3HW1,Horizontal,Blur,Clear,618.0,92.0,11.0
733GU#AR63T_h_b.jpg,5712.0,733GU#AR63T,Horizontal,Blur,Clear,522.0,92.0,11.0
1RZEC6TNVDS_h_b.jpg,6420.0,1RZEC6TNVDS,Horizontal,Blur,Clear,480.0,92.0,11.0
TGISQ8G#U5G_h_b.jpg,5640.0,TGISQ8G#U5G,Horizontal,Blur,Clear,613.0,92.0,11.0
 LBU HI9ILJ_h_b.jpg,3509.0, LBU HI9ILJ,Horizontal,Blur,Clear,520.0,92.0,11.0
73A#P88RIZ4_h_b.jpg,8051.0,73A#P88RIZ4,Horizontal,Blur,Clear,641.0,92.0,11.0
37O-6WH9#8A_h_b.jpg,7615.0,37O-6WH9#8A,Horizontal,Blur,Clear,603.0,92.0,11.0
P1N6KK59D3 _h_b.jpg,6643.0,P1N6KK59D3 ,Horizontal,Blur,Clear,596.0,92.0,11.0
MMWRO9HRPR5_h_b.jpg,3437.0,MMWRO9HRPR5,Horizontal,Blur,Clear,597.0,92.0,11.0
UC#CDYA6ECJ_h_b.jpg,6050.0,UC#CDYA6ECJ,Horizontal,Blur,Clear,664.0,92.0,11.0
CQ6-6V8WFLQ_h_b.jpg,3800.0,CQ6-6V8WFLQ,Horizontal,Blur,Clear,441.0,92.0,11.0
C5SW5CDDZC7_h_b.jpg,5016.0,C5SW5CDDZC7,Horizontal,Blur,Clear,538.0,92.0,11.0
LM80BXM0ECO_h_b.jpg,6875.0,LM80BXM0ECO,Horizontal,Blur,Clear,625.0,92.0,11.0
RIJIHSLJ05R_h_b.jpg,4102.0,RIJIHSLJ05R,Horizontal,Blur,Clear,375.0,92.0,11.0
KEBR19M5NKB_h_b.jpg,6245.0,KEBR19M5NKB,Horizontal,Blur,Clear,557.0,92.0,11.0
QVY1A6R8F3KK_h_b.jpg,4492.0,QVY1A6R8F3KK,Horizontal,Blur,Clear,525.0,92.0,12.0
HU0LZKAKDVB1_h_b.jpg,4599.0,HU0LZKAKDVB1,Horizontal,Blur,Clear,608.0,92.0,12.0
-PH7ATJ-2N25_h_b.jpg,5499.0,-PH7ATJ-2N25,Horizontal,Blur,Clear,560.0,92.0,12.0
QUZV2TV6DQ2U_h_b.jpg,7383.0,QUZV2TV6DQ2U,Horizontal,Blur,Clear,587.0,92.0,12.0
YVRY47TUDC5 _h_b.jpg,5835.0,YVRY47TUDC5 ,Horizontal,Blur,Clear,699.0,92.0,12.0
8KQ7PZF#X3XP_h_b.jpg,6074.0,8KQ7PZF#X3XP,Horizontal,Blur,Clear,522.0,92.0,12.0
97IZIGL10#PB_h_b.jpg,5543.0,97IZIGL10#PB,Horizontal,Blur,Clear,511.0,92.0,12.0
 W1CUJJ5US5Q_h_b.jpg,6646.0, W1CUJJ5US5Q,Horizontal,Blur,Clear,568.0,92.0,12.0
6APWO97GFDLZ_h_b.jpg,6454.0,6APWO97GFDLZ,Horizontal,Blur,Clear,650.0,92.0,12.0
6LHS7GM19A7B_h_b.jpg,5966.0,6LHS7GM19A7B,Horizontal,Blur,Clear,566.0,92.0,12.0
0PNA9977QF7P_h_b.jpg,4551.0,0PNA9977QF7P,Horizontal,Blur,Clear,437.0,92.0,12.0
T09O-FK1RR3R_h_b.jpg,4770.0,T09O-FK1RR3R,Horizontal,Blur,Clear,521.0,92.0,12.0
4WCAHT#DZR5G_h_b.jpg,7793.0,4WCAHT#DZR5G,Horizontal,Blur,Clear,609.0,92.0,12.0
9#9GUNJYT02A_h_b.jpg,6912.0,9#9GUNJYT02A,Horizontal,Blur,Clear,590.0,92.0,12.0
BLJT4BB#4V2I_h_b.jpg,6225.0,BLJT4BB#4V2I,Horizontal,Blur,Clear,555.0,92.0,12.0
7W-PE#H38ZN2_h_b.jpg,5621.0,7W-PE#H38ZN2,Horizontal,Blur,Clear,494.0,92.0,12.0
IV#YUD8RA F4_h_b.jpg,4523.0,IV#YUD8RA F4,Horizontal,Blur,Clear,565.0,92.0,12.0
DSOS412TM85X_h_b.jpg,6726.0,DSOS412TM85X,Horizontal,Blur,Clear,621.0,92.0,12.0
2BNZZ11 5SES_h_b.jpg,7185.0,2BNZZ11 5SES,Horizontal,Blur,Clear,596.0,92.0,12.0
0NLQ-677J5ER_h_b.jpg,5396.0,0NLQ-677J5ER,Horizontal,Blur,Clear,555.0,92.0,12.0
X5YH#58UO0 ZB_h_b.jpg,8163.0,X5YH#58UO0 ZB,Horizontal,Blur,Clear,761.0,92.0,13.0
2#68L22FMNKVM_h_b.jpg,8124.0,2#68L22FMNKVM,Horizontal,Blur,Clear,719.0,92.0,13.0
6-N4532CRJZ7J_h_b.jpg,4555.0,6-N4532CRJZ7J,Horizontal,Blur,Clear,558.0,92.0,13.0
#XE7CNRJ4G7OB_h_b.jpg,5595.0,#XE7CNRJ4G7OB,Horizontal,Blur,Clear,546.0,92.0,13.0
CJ8IQL1NE5L3Q_h_b.jpg,5386.0,CJ8IQL1NE5L3Q,Horizontal,Blur,Clear,571.0,92.0,13.0
QVWN253A3ZL0C_h_b.jpg,5306.0,QVWN253A3ZL0C,Horizontal,Blur,Clear,650.0,92.0,13.0
GG34RTXBO28TL_h_b.jpg,7376.0,GG34RTXBO28TL,Horizontal,Blur,Clear,660.0,92.0,13.0
934C25E18CT0U_h_b.jpg,7136.0,934C25E18CT0U,Horizontal,Blur,Clear,666.0,92.0,13.0
M4ID6LVVZCZ91_h_b.jpg,3599.0,M4ID6LVVZCZ91,Horizontal,Blur,Clear,290.0,92.0,13.0
6NRC#RFLP8EFA_h_b.jpg,6726.0,6NRC#RFLP8EFA,Horizontal,Blur,Clear,622.0,92.0,13.0
UXT BBOOHWVMA_h_b.jpg,8685.0,UXT BBOOHWVMA,Horizontal,Blur,Clear,739.0,92.0,13.0
B6Y0AT ZXFLXC_h_b.jpg,8180.0,B6Y0AT ZXFLXC,Horizontal,Blur,Clear,646.0,92.0,13.0
W WYORDNA6OXO_h_b.jpg,9121.0,W WYORDNA6OXO,Horizontal,Blur,Clear,813.0,92.0,13.0
MHYWOIIT 53J8_h_b.jpg,7286.0,MHYWOIIT 53J8,Horizontal,Blur,Clear,639.0,92.0,13.0
UHHFBQX2BCUWG_h_b.jpg,6733.0,UHHFBQX2BCUWG,Horizontal,Blur,Clear,798.0,92.0,13.0
RKRO4IIBJSVMO_h_b.jpg,8221.0,RKRO4IIBJSVMO,Horizontal,Blur,Clear,733.0,92.0,13.0
 PUEFKEU20C37_h_b.jpg,5951.0, PUEFKEU20C37,Horizontal,Blur,Clear,641.0,92.0,13.0
Q231CJFBVZ8JV_h_b.jpg,4611.0,Q231CJFBVZ8JV,Horizontal,Blur,Clear,476.0,92.0,13.0
6IH3#ET G2K14_h_b.jpg,6247.0,6IH3#ET G2K14,Horizontal,Blur,Clear,593.0,92.0,13.0
PY48YOUUB8X81_h_b.jpg,7589.0,PY48YOUUB8X81,Horizontal,Blur,Clear,711.0,92.0,13.0
LN1ZKM8W3F71XU_h_b.jpg,7963.0,LN1ZKM8W3F71XU,Horizontal,Blur,Clear,725.0,92.0,14.0
E3D7DMT81HFN-4_h_b.jpg,7845.0,E3D7DMT81HFN-4,Horizontal,Blur,Clear,682.0,92.0,14.0
- B-Z1R9GHV3T5_h_b.jpg,7834.0,- B-Z1R9GHV3T5,Horizontal,Blur,Clear,667.0,92.0,14.0
7LRDXMDWR5LTTT_h_b.jpg,6559.0,7LRDXMDWR5LTTT,Horizontal,Blur,Clear,696.0,92.0,14.0
2UN178B4BQFKE7_h_b.jpg,5388.0,2UN178B4BQFKE7,Horizontal,Blur,Clear,634.0,92.0,14.0
T7CTYCVP6R#P5K_h_b.jpg,8237.0,T7CTYCVP6R#P5K,Horizontal,Blur,Clear,824.0,92.0,14.0
AI5XF2YCCKW52Z_h_b.jpg,10096.0,AI5XF2YCCKW52Z,Horizontal,Blur,Clear,835.0,92.0,14.0
ND17CNUHR6CX93_h_b.jpg,8292.0,ND17CNUHR6CX93,Horizontal,Blur,Clear,697.0,92.0,14.0
MMAI Z N4DS5GJ_h_b.jpg,6755.0,MMAI Z N4DS5GJ,Horizontal,Blur,Clear,614.0,92.0,14.0
M9M2TT9GLWOOT-_h_b.jpg,8122.0,M9M2TT9GLWOOT-,Horizontal,Blur,Clear,708.0,92.0,14.0
ENW4ODW6-#I5K3_h_b.jpg,6320.0,ENW4ODW6-#I5K3,Horizontal,Blur,Clear,797.0,92.0,14.0
ZDKVHAQ33P9IM6_h_b.jpg,3522.0,ZDKVHAQ33P9IM6,Horizontal,Blur,Clear,628.0,92.0,14.0
BN9YX51F735LWE_h_b.jpg,7519.0,BN9YX51F735LWE,Horizontal,Blur,Clear,723.0,92.0,14.0
TS9KGVB89 6ITV_h_b.jpg,4155.0,TS9KGVB89 6ITV,Horizontal,Blur,Clear,607.0,92.0,14.0
LR8UV58BW7VGO3_h_b.jpg,8694.0,LR8UV58BW7VGO3,Horizontal,Blur,Clear,731.0,92.0,14.0
8QHYUX1EQ5I9SL_h_b.jpg,8207.0,8QHYUX1EQ5I9SL,Horizontal,Blur,Clear,864.0,92.0,14.0
1ILZJJHG80FQHS_h_b.jpg,2569.0,1ILZJJHG80FQHS,Horizontal,Blur,Clear,278.0,92.0,14.0
03VZXP4V2O9-SM_h_b.jpg,7359.0,03VZXP4V2O9-SM,Horizontal,Blur,Clear,581.0,92.0,14.0
OC1HXW4LDA5XEI_h_b.jpg,8310.0,OC1HXW4LDA5XEI,Horizontal,Blur,Clear,694.0,92.0,14.0
5NHMU#C #AE8PY_h_b.jpg,4126.0,5NHMU#C #AE8PY,Horizontal,Blur,Clear,693.0,92.0,14.0
 5TKX_lr_c.jpg,6057.0, 5TKX,Left_Rot,Clear,Clear,212.0,92.0,5.0
LH4W0_lr_c.jpg,5708.0,LH4W0,Left_Rot,Clear,Clear,206.0,92.0,5.0
57C9I_lr_c.jpg,5009.0,57C9I,Left_Rot,Clear,Clear,161.0,92.0,5.0
LFFFT_lr_c.jpg,5701.0,LFFFT,Left_Rot,Clear,Clear,240.0,92.0,5.0
YZCH5_lr_c.jpg,6837.0,YZCH5,Left_Rot,Clear,Clear,258.0,92.0,5.0
D-76Z_lr_c.jpg,6065.0,D-76Z,Left_Rot,Clear,Clear,212.0,92.0,5.0
GKDOB_lr_c.jpg,8919.0,GKDOB,Left_Rot,Clear,Clear,336.0,92.0,5.0
349MP_lr_c.jpg,6511.0,349MP,Left_Rot,Clear,Clear,253.0,92.0,5.0
VJNL7_lr_c.jpg,6076.0,VJNL7,Left_Rot,Clear,Clear,241.0,92.0,5.0
PA3PK_lr_c.jpg,8068.0,PA3PK,Left_Rot,Clear,Clear,268.0,92.0,5.0
P1 PP_lr_c.jpg,6475.0,P1 PP,Left_Rot,Clear,Clear,243.0,92.0,5.0
GV26-_lr_c.jpg,7516.0,GV26-,Left_Rot,Clear,Clear,267.0,92.0,5.0
SSBQC_lr_c.jpg,8841.0,SSBQC,Left_Rot,Clear,Clear,295.0,92.0,5.0
PM#QA_lr_c.jpg,7760.0,PM#QA,Left_Rot,Clear,Clear,310.0,92.0,5.0
VFXU9_lr_c.jpg,6694.0,VFXU9,Left_Rot,Clear,Clear,256.0,92.0,5.0
ALKYQ_lr_c.jpg,6590.0,ALKYQ,Left_Rot,Clear,Clear,230.0,92.0,5.0
VU35C_lr_c.jpg,9745.0,VU35C,Left_Rot,Clear,Clear,355.0,92.0,5.0
C-Y#3_lr_c.jpg,7283.0,C-Y#3,Left_Rot,Clear,Clear,279.0,92.0,5.0
41R0-_lr_c.jpg,7525.0,41R0-,Left_Rot,Clear,Clear,273.0,92.0,5.0
WP0NR_lr_c.jpg,7832.0,WP0NR,Left_Rot,Clear,Clear,269.0,92.0,5.0
#BLJ7Y_lr_c.jpg,6654.0,#BLJ7Y,Left_Rot,Clear,Clear,246.0,92.0,6.0
7-97#E_lr_c.jpg,7782.0,7-97#E,Left_Rot,Clear,Clear,279.0,92.0,6.0
A#4AEA_lr_c.jpg,8861.0,A#4AEA,Left_Rot,Clear,Clear,312.0,92.0,6.0
XKC0IM_lr_c.jpg,10195.0,XKC0IM,Left_Rot,Clear,Clear,390.0,92.0,6.0
NG0TOF_lr_c.jpg,7522.0,NG0TOF,Left_Rot,Clear,Clear,302.0,92.0,6.0
R9-5TE_lr_c.jpg,7892.0,R9-5TE,Left_Rot,Clear,Clear,305.0,92.0,6.0
P4XLXK_lr_c.jpg,7658.0,P4XLXK,Left_Rot,Clear,Clear,274.0,92.0,6.0
LT67TE_lr_c.jpg,6613.0,LT67TE,Left_Rot,Clear,Clear,251.0,92.0,6.0
OIRX5-_lr_c.jpg,9188.0,OIRX5-,Left_Rot,Clear,Clear,308.0,92.0,6.0
ORQ72P_lr_c.jpg,9661.0,ORQ72P,Left_Rot,Clear,Clear,386.0,92.0,6.0
6XIDXV_lr_c.jpg,10627.0,6XIDXV,Left_Rot,Clear,Clear,378.0,92.0,6.0
T3#0W5_lr_c.jpg,10126.0,T3#0W5,Left_Rot,Clear,Clear,337.0,92.0,6.0
8JZ8KZ_lr_c.jpg,10137.0,8JZ8KZ,Left_Rot,Clear,Clear,355.0,92.0,6.0
8D9BQK_lr_c.jpg,8053.0,8D9BQK,Left_Rot,Clear,Clear,297.0,92.0,6.0
Z2ZCRA_lr_c.jpg,8849.0,Z2ZCRA,Left_Rot,Clear,Clear,355.0,92.0,6.0
ZQ9TCI_lr_c.jpg,5954.0,ZQ9TCI,Left_Rot,Clear,Clear,229.0,92.0,6.0
JD58DL_lr_c.jpg,6532.0,JD58DL,Left_Rot,Clear,Clear,232.0,92.0,6.0
SFFF67_lr_c.jpg,7540.0,SFFF67,Left_Rot,Clear,Clear,293.0,92.0,6.0
ZKKV13_lr_c.jpg,7433.0,ZKKV13,Left_Rot,Clear,Clear,284.0,92.0,6.0
FZ32J1_lr_c.jpg,7426.0,FZ32J1,Left_Rot,Clear,Clear,274.0,92.0,6.0
9C6L #F_lr_c.jpg,8084.0,9C6L #F,Left_Rot,Clear,Clear,303.0,92.0,7.0
H40IT9E_lr_c.jpg,7994.0,H40IT9E,Left_Rot,Clear,Clear,319.0,92.0,7.0
CRMJN3K_lr_c.jpg,10310.0,CRMJN3K,Left_Rot,Clear,Clear,372.0,92.0,7.0
4OTE0XN_lr_c.jpg,9700.0,4OTE0XN,Left_Rot,Clear,Clear,380.0,92.0,7.0
WU MUYU_lr_c.jpg,11150.0,WU MUYU,Left_Rot,Clear,Clear,456.0,92.0,7.0
#CYW93F_lr_c.jpg,10673.0,#CYW93F,Left_Rot,Clear,Clear,378.0,92.0,7.0
6K9VGS5_lr_c.jpg,9725.0,6K9VGS5,Left_Rot,Clear,Clear,339.0,92.0,7.0
KD7DTRM_lr_c.jpg,10143.0,KD7DTRM,Left_Rot,Clear,Clear,381.0,92.0,7.0
R2W#08M_lr_c.jpg,12198.0,R2W#08M,Left_Rot,Clear,Clear,386.0,92.0,7.0
3M1PJHC_lr_c.jpg,8238.0,3M1PJHC,Left_Rot,Clear,Clear,291.0,92.0,7.0
#J-1 VN_lr_c.jpg,5977.0,#J-1 VN,Left_Rot,Clear,Clear,243.0,92.0,7.0
--8S T2_lr_c.jpg,6644.0,--8S T2,Left_Rot,Clear,Clear,245.0,92.0,7.0
17-ZOCX_lr_c.jpg,8688.0,17-ZOCX,Left_Rot,Clear,Clear,325.0,92.0,7.0
I04PNX#_lr_c.jpg,9733.0,I04PNX#,Left_Rot,Clear,Clear,337.0,92.0,7.0
A7O#V5K_lr_c.jpg,11040.0,A7O#V5K,Left_Rot,Clear,Clear,386.0,92.0,7.0
LWQER#S_lr_c.jpg,8070.0,LWQER#S,Left_Rot,Clear,Clear,287.0,92.0,7.0
6ORZZMO_lr_c.jpg,10942.0,6ORZZMO,Left_Rot,Clear,Clear,406.0,92.0,7.0
Z52MJY8_lr_c.jpg,9147.0,Z52MJY8,Left_Rot,Clear,Clear,352.0,92.0,7.0
TG4TMFA_lr_c.jpg,10291.0,TG4TMFA,Left_Rot,Clear,Clear,418.0,92.0,7.0
FLZ9M6J_lr_c.jpg,9732.0,FLZ9M6J,Left_Rot,Clear,Clear,364.0,92.0,7.0
UJ1EJRTT_lr_c.jpg,11714.0,UJ1EJRTT,Left_Rot,Clear,Clear,423.0,92.0,8.0
B5PVYPAH_lr_c.jpg,10676.0,B5PVYPAH,Left_Rot,Clear,Clear,399.0,92.0,8.0
GUPM98QD_lr_c.jpg,9762.0,GUPM98QD,Left_Rot,Clear,Clear,424.0,92.0,8.0
NUTL134D_lr_c.jpg,9234.0,NUTL134D,Left_Rot,Clear,Clear,407.0,92.0,8.0
MWVH2B-N_lr_c.jpg,11994.0,MWVH2B-N,Left_Rot,Clear,Clear,504.0,92.0,8.0
ZCNCXVSR_lr_c.jpg,12457.0,ZCNCXVSR,Left_Rot,Clear,Clear,475.0,92.0,8.0
-0GJD6Q9_lr_c.jpg,9599.0,-0GJD6Q9,Left_Rot,Clear,Clear,340.0,92.0,8.0
8ADXRANT_lr_c.jpg,12019.0,8ADXRANT,Left_Rot,Clear,Clear,465.0,92.0,8.0
 DRSHGEO_lr_c.jpg,5625.0, DRSHGEO,Left_Rot,Clear,Clear,179.0,92.0,8.0
0G23##-K_lr_c.jpg,9858.0,0G23##-K,Left_Rot,Clear,Clear,361.0,92.0,8.0
5BWHSO0X_lr_c.jpg,13164.0,5BWHSO0X,Left_Rot,Clear,Clear,456.0,92.0,8.0
TACZ1GP1_lr_c.jpg,9937.0,TACZ1GP1,Left_Rot,Clear,Clear,428.0,92.0,8.0
WTW##S##_lr_c.jpg,13999.0,WTW##S##,Left_Rot,Clear,Clear,535.0,92.0,8.0
UMNEET1M_lr_c.jpg,11820.0,UMNEET1M,Left_Rot,Clear,Clear,461.0,92.0,8.0
QVVX7SGY_lr_c.jpg,10894.0,QVVX7SGY,Left_Rot,Clear,Clear,423.0,92.0,8.0
ROL2ZK W_lr_c.jpg,14798.0,ROL2ZK W,Left_Rot,Clear,Clear,505.0,92.0,8.0
OAWSPOXH_lr_c.jpg,14028.0,OAWSPOXH,Left_Rot,Clear,Clear,497.0,92.0,8.0
-O#3PL5-_lr_c.jpg,7500.0,-O#3PL5-,Left_Rot,Clear,Clear,278.0,92.0,8.0
#Z8#TI8 _lr_c.jpg,10622.0,#Z8#TI8 ,Left_Rot,Clear,Clear,374.0,92.0,8.0
 E76 HCC_lr_c.jpg,9546.0, E76 HCC,Left_Rot,Clear,Clear,362.0,92.0,8.0
LVEM9OJVS_lr_c.jpg,13703.0,LVEM9OJVS,Left_Rot,Clear,Clear,490.0,92.0,9.0
570Z6F-W _lr_c.jpg,10279.0,570Z6F-W ,Left_Rot,Clear,Clear,405.0,92.0,9.0
EQDDLHE8N_lr_c.jpg,11863.0,EQDDLHE8N,Left_Rot,Clear,Clear,450.0,92.0,9.0
FAR6KMTX4_lr_c.jpg,11933.0,FAR6KMTX4,Left_Rot,Clear,Clear,446.0,92.0,9.0
TAXKGL#RR_lr_c.jpg,12562.0,TAXKGL#RR,Left_Rot,Clear,Clear,451.0,92.0,9.0
15SNR0EU6_lr_c.jpg,12723.0,15SNR0EU6,Left_Rot,Clear,Clear,512.0,92.0,9.0
R3 FFCBGZ_lr_c.jpg,13040.0,R3 FFCBGZ,Left_Rot,Clear,Clear,513.0,92.0,9.0
S HT63 8N_lr_c.jpg,10076.0,S HT63 8N,Left_Rot,Clear,Clear,381.0,92.0,9.0
FG-CGJPG0_lr_c.jpg,10276.0,FG-CGJPG0,Left_Rot,Clear,Clear,409.0,92.0,9.0
MB-D7W5GG_lr_c.jpg,11942.0,MB-D7W5GG,Left_Rot,Clear,Clear,470.0,92.0,9.0
K4YP-FJZ7_lr_c.jpg,12049.0,K4YP-FJZ7,Left_Rot,Clear,Clear,476.0,92.0,9.0
9KEHVZ N#_lr_c.jpg,10597.0,9KEHVZ N#,Left_Rot,Clear,Clear,450.0,92.0,9.0
X7-BW 349_lr_c.jpg,12297.0,X7-BW 349,Left_Rot,Clear,Clear,434.0,92.0,9.0
PP B-Q0U4_lr_c.jpg,8614.0,PP B-Q0U4,Left_Rot,Clear,Clear,347.0,92.0,9.0
WFXJB1Y5E_lr_c.jpg,11935.0,WFXJB1Y5E,Left_Rot,Clear,Clear,471.0,92.0,9.0
N 301RYA6_lr_c.jpg,16130.0,N 301RYA6,Left_Rot,Clear,Clear,564.0,92.0,9.0
AE5NOAK-#_lr_c.jpg,7348.0,AE5NOAK-#,Left_Rot,Clear,Clear,238.0,92.0,9.0
9329G#W2Y_lr_c.jpg,11679.0,9329G#W2Y,Left_Rot,Clear,Clear,386.0,92.0,9.0
L3KN4W4Z6_lr_c.jpg,12146.0,L3KN4W4Z6,Left_Rot,Clear,Clear,452.0,92.0,9.0
FU410A7##_lr_c.jpg,10639.0,FU410A7##,Left_Rot,Clear,Clear,443.0,92.0,9.0
4O0Y#DIB S_lr_c.jpg,11988.0,4O0Y#DIB S,Left_Rot,Clear,Clear,449.0,92.0,10.0
Q-3KW6PUEO_lr_c.jpg,10847.0,Q-3KW6PUEO,Left_Rot,Clear,Clear,373.0,92.0,10.0
C109RNCENN_lr_c.jpg,12389.0,C109RNCENN,Left_Rot,Clear,Clear,426.0,92.0,10.0
O4-ACNCLPE_lr_c.jpg,13052.0,O4-ACNCLPE,Left_Rot,Clear,Clear,514.0,92.0,10.0
GIY#9Y2SOH_lr_c.jpg,12885.0,GIY#9Y2SOH,Left_Rot,Clear,Clear,492.0,92.0,10.0
THFX35GTVV_lr_c.jpg,13040.0,THFX35GTVV,Left_Rot,Clear,Clear,496.0,92.0,10.0
0 WO34W6GZ_lr_c.jpg,16375.0,0 WO34W6GZ,Left_Rot,Clear,Clear,631.0,92.0,10.0
JK7I83YCFI_lr_c.jpg,11154.0,JK7I83YCFI,Left_Rot,Clear,Clear,439.0,92.0,10.0
 9TE#XFU5F_lr_c.jpg,11672.0, 9TE#XFU5F,Left_Rot,Clear,Clear,441.0,92.0,10.0
MSW6AMF7E5_lr_c.jpg,15715.0,MSW6AMF7E5,Left_Rot,Clear,Clear,584.0,92.0,10.0
P 7HDPH-22_lr_c.jpg,11718.0,P 7HDPH-22,Left_Rot,Clear,Clear,473.0,92.0,10.0
V3ECXQXRYA_lr_c.jpg,14738.0,V3ECXQXRYA,Left_Rot,Clear,Clear,532.0,92.0,10.0
L077-IFBI7_lr_c.jpg,10280.0,L077-IFBI7,Left_Rot,Clear,Clear,396.0,92.0,10.0
 2F56NF4VZ_lr_c.jpg,10745.0, 2F56NF4VZ,Left_Rot,Clear,Clear,442.0,92.0,10.0
31ZKUAH26Q_lr_c.jpg,11052.0,31ZKUAH26Q,Left_Rot,Clear,Clear,439.0,92.0,10.0
#OSP51HAQS_lr_c.jpg,12337.0,#OSP51HAQS,Left_Rot,Clear,Clear,441.0,92.0,10.0
7537CGDP5 _lr_c.jpg,17450.0,7537CGDP5 ,Left_Rot,Clear,Clear,646.0,92.0,10.0
KW VXEMBS6_lr_c.jpg,17390.0,KW VXEMBS6,Left_Rot,Clear,Clear,629.0,92.0,10.0
SUBCR7LBW6_lr_c.jpg,17001.0,SUBCR7LBW6,Left_Rot,Clear,Clear,687.0,92.0,10.0
OC#EX3EH50_lr_c.jpg,12633.0,OC#EX3EH50,Left_Rot,Clear,Clear,473.0,92.0,10.0
GKT48YNTO7V_lr_c.jpg,11793.0,GKT48YNTO7V,Left_Rot,Clear,Clear,464.0,92.0,11.0
21O E3J44M6_lr_c.jpg,14718.0,21O E3J44M6,Left_Rot,Clear,Clear,538.0,92.0,11.0
W1ML#LXXR-2_lr_c.jpg,17166.0,W1ML#LXXR-2,Left_Rot,Clear,Clear,631.0,92.0,11.0
 3F8N4SJPCY_lr_c.jpg,16566.0, 3F8N4SJPCY,Left_Rot,Clear,Clear,682.0,92.0,11.0
# 0W3 6LMKQ_lr_c.jpg,11913.0,# 0W3 6LMKQ,Left_Rot,Clear,Clear,455.0,92.0,11.0
WS560V#C0SU_lr_c.jpg,17542.0,WS560V#C0SU,Left_Rot,Clear,Clear,731.0,92.0,11.0
Z6C#QWWKF6M_lr_c.jpg,14141.0,Z6C#QWWKF6M,Left_Rot,Clear,Clear,512.0,92.0,11.0
GCZHL-BY P8_lr_c.jpg,11589.0,GCZHL-BY P8,Left_Rot,Clear,Clear,445.0,92.0,11.0
E#PC-HDSZFM_lr_c.jpg,21507.0,E#PC-HDSZFM,Left_Rot,Clear,Clear,706.0,92.0,11.0
9QT-FPH08I#_lr_c.jpg,14011.0,9QT-FPH08I#,Left_Rot,Clear,Clear,590.0,92.0,11.0
H7ME3EVRX5 _lr_c.jpg,15147.0,H7ME3EVRX5 ,Left_Rot,Clear,Clear,652.0,92.0,11.0
0U211JQC D2_lr_c.jpg,13027.0,0U211JQC D2,Left_Rot,Clear,Clear,484.0,92.0,11.0
E9 -Y DZ QX_lr_c.jpg,12545.0,E9 -Y DZ QX,Left_Rot,Clear,Clear,470.0,92.0,11.0
5#91ODGR2F8_lr_c.jpg,12043.0,5#91ODGR2F8,Left_Rot,Clear,Clear,500.0,92.0,11.0
IJBWAUT#K5X_lr_c.jpg,16578.0,IJBWAUT#K5X,Left_Rot,Clear,Clear,626.0,92.0,11.0
NC FCPZ0VYS_lr_c.jpg,12228.0,NC FCPZ0VYS,Left_Rot,Clear,Clear,475.0,92.0,11.0
EF8GLXSR1W9_lr_c.jpg,12736.0,EF8GLXSR1W9,Left_Rot,Clear,Clear,507.0,92.0,11.0
T2BDM-8D11N_lr_c.jpg,16677.0,T2BDM-8D11N,Left_Rot,Clear,Clear,595.0,92.0,11.0
MHUH I 046Q_lr_c.jpg,11758.0,MHUH I 046Q,Left_Rot,Clear,Clear,436.0,92.0,11.0
CU2QM-JQZ W_lr_c.jpg,11754.0,CU2QM-JQZ W,Left_Rot,Clear,Clear,476.0,92.0,11.0
OQ122Z896U#9_lr_c.jpg,13819.0,OQ122Z896U#9,Left_Rot,Clear,Clear,529.0,92.0,12.0
WFFAH90B268-_lr_c.jpg,15829.0,WFFAH90B268-,Left_Rot,Clear,Clear,594.0,92.0,12.0
49K FN1RC#Y-_lr_c.jpg,14601.0,49K FN1RC#Y-,Left_Rot,Clear,Clear,570.0,92.0,12.0
15IJ9ML0SFUX_lr_c.jpg,15033.0,15IJ9ML0SFUX,Left_Rot,Clear,Clear,578.0,92.0,12.0
#SSLQZ3#GA92_lr_c.jpg,17984.0,#SSLQZ3#GA92,Left_Rot,Clear,Clear,666.0,92.0,12.0
0WEZ#341LL4Z_lr_c.jpg,14735.0,0WEZ#341LL4Z,Left_Rot,Clear,Clear,607.0,92.0,12.0
CLNLR6FJQIQ2_lr_c.jpg,17212.0,CLNLR6FJQIQ2,Left_Rot,Clear,Clear,629.0,92.0,12.0
1JJH#PO3Z#KG_lr_c.jpg,15418.0,1JJH#PO3Z#KG,Left_Rot,Clear,Clear,587.0,92.0,12.0
3J N600PAO-R_lr_c.jpg,16428.0,3J N600PAO-R,Left_Rot,Clear,Clear,589.0,92.0,12.0
C70OKWHQHU4D_lr_c.jpg,15132.0,C70OKWHQHU4D,Left_Rot,Clear,Clear,549.0,92.0,12.0
A26FTTKT-9OS_lr_c.jpg,12279.0,A26FTTKT-9OS,Left_Rot,Clear,Clear,454.0,92.0,12.0
4ZEFEVYDXTSA_lr_c.jpg,13905.0,4ZEFEVYDXTSA,Left_Rot,Clear,Clear,546.0,92.0,12.0
K27X6UQX47FC_lr_c.jpg,14557.0,K27X6UQX47FC,Left_Rot,Clear,Clear,528.0,92.0,12.0
ND9U-RF#E863_lr_c.jpg,16225.0,ND9U-RF#E863,Left_Rot,Clear,Clear,565.0,92.0,12.0
EJ9BIM#BHA12_lr_c.jpg,15329.0,EJ9BIM#BHA12,Left_Rot,Clear,Clear,592.0,92.0,12.0
ZU1JE7UGEC84_lr_c.jpg,13105.0,ZU1JE7UGEC84,Left_Rot,Clear,Clear,485.0,92.0,12.0
BNHEZ-LOPKTE_lr_c.jpg,14186.0,BNHEZ-LOPKTE,Left_Rot,Clear,Clear,608.0,92.0,12.0
AQ#OEK1RAQR0_lr_c.jpg,15069.0,AQ#OEK1RAQR0,Left_Rot,Clear,Clear,579.0,92.0,12.0
IIX#I9BP#OP#_lr_c.jpg,16767.0,IIX#I9BP#OP#,Left_Rot,Clear,Clear,675.0,92.0,12.0
2-6QDWT#QXX0_lr_c.jpg,17039.0,2-6QDWT#QXX0,Left_Rot,Clear,Clear,630.0,92.0,12.0
BZ#BSVK5DF 6 _lr_c.jpg,17613.0,BZ#BSVK5DF 6 ,Left_Rot,Clear,Clear,671.0,92.0,13.0
S7V 1Z9G3UF#E_lr_c.jpg,14908.0,S7V 1Z9G3UF#E,Left_Rot,Clear,Clear,599.0,92.0,13.0
#GQW0S9QNDUR0_lr_c.jpg,19007.0,#GQW0S9QNDUR0,Left_Rot,Clear,Clear,690.0,92.0,13.0
09DL0S0RO0DTH_lr_c.jpg,16089.0,09DL0S0RO0DTH,Left_Rot,Clear,Clear,644.0,92.0,13.0
#F0JK99G D3SS_lr_c.jpg,15245.0,#F0JK99G D3SS,Left_Rot,Clear,Clear,573.0,92.0,13.0
D25-#1QFTTSP1_lr_c.jpg,14710.0,D25-#1QFTTSP1,Left_Rot,Clear,Clear,559.0,92.0,13.0
B9TXTTZJLQYZ8_lr_c.jpg,14525.0,B9TXTTZJLQYZ8,Left_Rot,Clear,Clear,562.0,92.0,13.0
B7IC-B7L2EBKZ_lr_c.jpg,15750.0,B7IC-B7L2EBKZ,Left_Rot,Clear,Clear,617.0,92.0,13.0
IC-8OGI4WEQID_lr_c.jpg,8165.0,IC-8OGI4WEQID,Left_Rot,Clear,Clear,283.0,92.0,13.0
LP8## QZYG3WH_lr_c.jpg,15492.0,LP8## QZYG3WH,Left_Rot,Clear,Clear,565.0,92.0,13.0
O7HMGOSX2  O _lr_c.jpg,16624.0,O7HMGOSX2  O ,Left_Rot,Clear,Clear,629.0,92.0,13.0
FBBKDKVEVOD5V_lr_c.jpg,17413.0,FBBKDKVEVOD5V,Left_Rot,Clear,Clear,725.0,92.0,13.0
1J6LDG#TUF#XH_lr_c.jpg,18457.0,1J6LDG#TUF#XH,Left_Rot,Clear,Clear,715.0,92.0,13.0
JQ5JDTJJV--FL_lr_c.jpg,12692.0,JQ5JDTJJV--FL,Left_Rot,Clear,Clear,507.0,92.0,13.0
CVQG022K8Z5UT_lr_c.jpg,16484.0,CVQG022K8Z5UT,Left_Rot,Clear,Clear,630.0,92.0,13.0
JN#W-UVFEBEO2_lr_c.jpg,20208.0,JN#W-UVFEBEO2,Left_Rot,Clear,Clear,774.0,92.0,13.0
V9GS-SXX3APKS_lr_c.jpg,17769.0,V9GS-SXX3APKS,Left_Rot,Clear,Clear,658.0,92.0,13.0
XVVVYW8PSGPDY_lr_c.jpg,14528.0,XVVVYW8PSGPDY,Left_Rot,Clear,Clear,584.0,92.0,13.0
O-NF #UXRPBCU_lr_c.jpg,16652.0,O-NF #UXRPBCU,Left_Rot,Clear,Clear,654.0,92.0,13.0
INZ80-674IL5T_lr_c.jpg,15527.0,INZ80-674IL5T,Left_Rot,Clear,Clear,579.0,92.0,13.0
V0E VPMZA-P#4E_lr_c.jpg,19810.0,V0E VPMZA-P#4E,Left_Rot,Clear,Clear,732.0,92.0,14.0
V-Q7GMYA5OU99G_lr_c.jpg,16720.0,V-Q7GMYA5OU99G,Left_Rot,Clear,Clear,621.0,92.0,14.0
JP84G43R0TLAV5_lr_c.jpg,16974.0,JP84G43R0TLAV5,Left_Rot,Clear,Clear,702.0,92.0,14.0
FXWJ1XRBFDP6F5_lr_c.jpg,16517.0,FXWJ1XRBFDP6F5,Left_Rot,Clear,Clear,672.0,92.0,14.0
1DVT6RU0VR5Z3#_lr_c.jpg,18255.0,1DVT6RU0VR5Z3#,Left_Rot,Clear,Clear,703.0,92.0,14.0
IXD5SI0S4GC# #_lr_c.jpg,20592.0,IXD5SI0S4GC# #,Left_Rot,Clear,Clear,778.0,92.0,14.0
0SH VF6 C22FFW_lr_c.jpg,22356.0,0SH VF6 C22FFW,Left_Rot,Clear,Clear,827.0,92.0,14.0
0-N-YZLVX8NFAJ_lr_c.jpg,15909.0,0-N-YZLVX8NFAJ,Left_Rot,Clear,Clear,667.0,92.0,14.0
NJ4RM2HD73LS3S_lr_c.jpg,17965.0,NJ4RM2HD73LS3S,Left_Rot,Clear,Clear,661.0,92.0,14.0
CLXF-1WVYZLYZH_lr_c.jpg,17295.0,CLXF-1WVYZLYZH,Left_Rot,Clear,Clear,681.0,92.0,14.0
0-468AX#NP29GV_lr_c.jpg,21380.0,0-468AX#NP29GV,Left_Rot,Clear,Clear,784.0,92.0,14.0
YFHS4 B2HGY14L_lr_c.jpg,15141.0,YFHS4 B2HGY14L,Left_Rot,Clear,Clear,680.0,92.0,14.0
FB#0780FIJR1XV_lr_c.jpg,17638.0,FB#0780FIJR1XV,Left_Rot,Clear,Clear,652.0,92.0,14.0
0N S4HIK1C9-XI_lr_c.jpg,14419.0,0N S4HIK1C9-XI,Left_Rot,Clear,Clear,562.0,92.0,14.0
HCP5WPHF04DH4X_lr_c.jpg,18813.0,HCP5WPHF04DH4X,Left_Rot,Clear,Clear,742.0,92.0,14.0
MQ9GQUG#BRRSX _lr_c.jpg,25476.0,MQ9GQUG#BRRSX ,Left_Rot,Clear,Clear,926.0,92.0,14.0
FAXOEP50P10PJJ_lr_c.jpg,8070.0,FAXOEP50P10PJJ,Left_Rot,Clear,Clear,288.0,92.0,14.0
J68P7A0EYD9CO#_lr_c.jpg,16781.0,J68P7A0EYD9CO#,Left_Rot,Clear,Clear,589.0,92.0,14.0
PZ5WWOJC TLAMY_lr_c.jpg,15982.0,PZ5WWOJC TLAMY,Left_Rot,Clear,Clear,602.0,92.0,14.0
-WI-C 0 1Z18I5_lr_c.jpg,12359.0,-WI-C 0 1Z18I5,Left_Rot,Clear,Clear,562.0,92.0,14.0
A4H76_lr_b.jpg,2956.0,A4H76,Left_Rot,Blur,Clear,246.0,92.0,5.0
 FU7M_lr_b.jpg,2359.0, FU7M,Left_Rot,Blur,Clear,170.0,92.0,5.0
H9M89_lr_b.jpg,2622.0,H9M89,Left_Rot,Blur,Clear,210.0,92.0,5.0
6OW6X_lr_b.jpg,3062.0,6OW6X,Left_Rot,Blur,Clear,304.0,92.0,5.0
 V6JH_lr_b.jpg,2736.0, V6JH,Left_Rot,Blur,Clear,245.0,92.0,5.0
F56 2_lr_b.jpg,2730.0,F56 2,Left_Rot,Blur,Clear,201.0,92.0,5.0
46JY _lr_b.jpg,2555.0,46JY ,Left_Rot,Blur,Clear,261.0,92.0,5.0
-NAUA_lr_b.jpg,3268.0,-NAUA,Left_Rot,Blur,Clear,247.0,92.0,5.0
85WLI_lr_b.jpg,2754.0,85WLI,Left_Rot,Blur,Clear,235.0,92.0,5.0
D-PUY_lr_b.jpg,2920.0,D-PUY,Left_Rot,Blur,Clear,266.0,92.0,5.0
BXPT9_lr_b.jpg,3391.0,BXPT9,Left_Rot,Blur,Clear,263.0,92.0,5.0
LZ6I8_lr_b.jpg,3393.0,LZ6I8,Left_Rot,Blur,Clear,245.0,92.0,5.0
7VB9C_lr_b.jpg,3147.0,7VB9C,Left_Rot,Blur,Clear,244.0,92.0,5.0
--6YY_lr_b.jpg,1998.0,--6YY,Left_Rot,Blur,Clear,242.0,92.0,5.0
KQ0FM_lr_b.jpg,3021.0,KQ0FM,Left_Rot,Blur,Clear,239.0,92.0,5.0
#PQNY_lr_b.jpg,2710.0,#PQNY,Left_Rot,Blur,Clear,240.0,92.0,5.0
I DLZ_lr_b.jpg,2562.0,I DLZ,Left_Rot,Blur,Clear,254.0,92.0,5.0
2ZH9V_lr_b.jpg,3601.0,2ZH9V,Left_Rot,Blur,Clear,302.0,92.0,5.0
CFENA_lr_b.jpg,3591.0,CFENA,Left_Rot,Blur,Clear,347.0,92.0,5.0
D8O#8_lr_b.jpg,2853.0,D8O#8,Left_Rot,Blur,Clear,238.0,92.0,5.0
I7EB27_lr_b.jpg,2937.0,I7EB27,Left_Rot,Blur,Clear,228.0,92.0,6.0
RV0P8N_lr_b.jpg,3704.0,RV0P8N,Left_Rot,Blur,Clear,323.0,92.0,6.0
J5SODH_lr_b.jpg,3529.0,J5SODH,Left_Rot,Blur,Clear,293.0,92.0,6.0
FBP6F3_lr_b.jpg,3496.0,FBP6F3,Left_Rot,Blur,Clear,381.0,92.0,6.0
F40YRN_lr_b.jpg,2632.0,F40YRN,Left_Rot,Blur,Clear,290.0,92.0,6.0
BIAXKV_lr_b.jpg,3838.0,BIAXKV,Left_Rot,Blur,Clear,362.0,92.0,6.0
PRLUV0_lr_b.jpg,3388.0,PRLUV0,Left_Rot,Blur,Clear,284.0,92.0,6.0
O4AGC8_lr_b.jpg,3679.0,O4AGC8,Left_Rot,Blur,Clear,266.0,92.0,6.0
VQMZW1_lr_b.jpg,3738.0,VQMZW1,Left_Rot,Blur,Clear,407.0,92.0,6.0
4-PG3N_lr_b.jpg,2807.0,4-PG3N,Left_Rot,Blur,Clear,364.0,92.0,6.0
SAXM9J_lr_b.jpg,4655.0,SAXM9J,Left_Rot,Blur,Clear,377.0,92.0,6.0
OFRROK_lr_b.jpg,4877.0,OFRROK,Left_Rot,Blur,Clear,360.0,92.0,6.0
5G2VW7_lr_b.jpg,5340.0,5G2VW7,Left_Rot,Blur,Clear,400.0,92.0,6.0
25OEGZ_lr_b.jpg,2577.0,25OEGZ,Left_Rot,Blur,Clear,289.0,92.0,6.0
EF1P06_lr_b.jpg,3285.0,EF1P06,Left_Rot,Blur,Clear,316.0,92.0,6.0
7GQD1-_lr_b.jpg,2208.0,7GQD1-,Left_Rot,Blur,Clear,238.0,92.0,6.0
#XAIUD_lr_b.jpg,2598.0,#XAIUD,Left_Rot,Blur,Clear,271.0,92.0,6.0
DJ-VSB_lr_b.jpg,3499.0,DJ-VSB,Left_Rot,Blur,Clear,295.0,92.0,6.0
43Z2BW_lr_b.jpg,3690.0,43Z2BW,Left_Rot,Blur,Clear,305.0,92.0,6.0
E93AB2_lr_b.jpg,3453.0,E93AB2,Left_Rot,Blur,Clear,285.0,92.0,6.0
OEZTP9S_lr_b.jpg,2846.0,OEZTP9S,Left_Rot,Blur,Clear,342.0,92.0,7.0
LO1URC3_lr_b.jpg,2644.0,LO1URC3,Left_Rot,Blur,Clear,354.0,92.0,7.0
GOK9- G_lr_b.jpg,3996.0,GOK9- G,Left_Rot,Blur,Clear,321.0,92.0,7.0
J-I599Y_lr_b.jpg,3798.0,J-I599Y,Left_Rot,Blur,Clear,296.0,92.0,7.0
KFH0QQ6_lr_b.jpg,3506.0,KFH0QQ6,Left_Rot,Blur,Clear,403.0,92.0,7.0
A643X5K_lr_b.jpg,4363.0,A643X5K,Left_Rot,Blur,Clear,354.0,92.0,7.0
W3#XCYH_lr_b.jpg,4686.0,W3#XCYH,Left_Rot,Blur,Clear,389.0,92.0,7.0
5ZBO7JN_lr_b.jpg,4613.0,5ZBO7JN,Left_Rot,Blur,Clear,343.0,92.0,7.0
UCOOQCD_lr_b.jpg,4494.0,UCOOQCD,Left_Rot,Blur,Clear,438.0,92.0,7.0
CVPMQF5_lr_b.jpg,3613.0,CVPMQF5,Left_Rot,Blur,Clear,311.0,92.0,7.0
WRZISCS_lr_b.jpg,3287.0,WRZISCS,Left_Rot,Blur,Clear,285.0,92.0,7.0
FKVCDIF_lr_b.jpg,3054.0,FKVCDIF,Left_Rot,Blur,Clear,310.0,92.0,7.0
VBS5PXT_lr_b.jpg,4355.0,VBS5PXT,Left_Rot,Blur,Clear,345.0,92.0,7.0
H84B3LV_lr_b.jpg,4071.0,H84B3LV,Left_Rot,Blur,Clear,338.0,92.0,7.0
UPTVF#5_lr_b.jpg,4470.0,UPTVF#5,Left_Rot,Blur,Clear,363.0,92.0,7.0
I2K1FLB_lr_b.jpg,3102.0,I2K1FLB,Left_Rot,Blur,Clear,266.0,92.0,7.0
-2CX5-Z_lr_b.jpg,2627.0,-2CX5-Z,Left_Rot,Blur,Clear,320.0,92.0,7.0
Y6 SSPQ_lr_b.jpg,3922.0,Y6 SSPQ,Left_Rot,Blur,Clear,292.0,92.0,7.0
W9CS0KO_lr_b.jpg,5099.0,W9CS0KO,Left_Rot,Blur,Clear,455.0,92.0,7.0
LE4MNDV_lr_b.jpg,4907.0,LE4MNDV,Left_Rot,Blur,Clear,386.0,92.0,7.0
FVM0B4J2_lr_b.jpg,4588.0,FVM0B4J2,Left_Rot,Blur,Clear,458.0,92.0,8.0
93N9U-LM_lr_b.jpg,3995.0,93N9U-LM,Left_Rot,Blur,Clear,389.0,92.0,8.0
TL0-MVLR_lr_b.jpg,3769.0,TL0-MVLR,Left_Rot,Blur,Clear,436.0,92.0,8.0
JKQEQNFU_lr_b.jpg,3959.0,JKQEQNFU,Left_Rot,Blur,Clear,350.0,92.0,8.0
G0HMX 2Q_lr_b.jpg,4674.0,G0HMX 2Q,Left_Rot,Blur,Clear,447.0,92.0,8.0
7ENUPUCS_lr_b.jpg,3385.0,7ENUPUCS,Left_Rot,Blur,Clear,410.0,92.0,8.0
0NTY5KH9_lr_b.jpg,4255.0,0NTY5KH9,Left_Rot,Blur,Clear,420.0,92.0,8.0
5M2RKLVO_lr_b.jpg,4650.0,5M2RKLVO,Left_Rot,Blur,Clear,442.0,92.0,8.0
QCLAEQIW_lr_b.jpg,2162.0,QCLAEQIW,Left_Rot,Blur,Clear,179.0,92.0,8.0
XG5 TW4N_lr_b.jpg,4495.0,XG5 TW4N,Left_Rot,Blur,Clear,383.0,92.0,8.0
R7DMVJCK_lr_b.jpg,5241.0,R7DMVJCK,Left_Rot,Blur,Clear,434.0,92.0,8.0
3R287I9I_lr_b.jpg,4208.0,3R287I9I,Left_Rot,Blur,Clear,372.0,92.0,8.0
J2GJ3YHJ_lr_b.jpg,3978.0,J2GJ3YHJ,Left_Rot,Blur,Clear,368.0,92.0,8.0
-JWZ#55-_lr_b.jpg,4662.0,-JWZ#55-,Left_Rot,Blur,Clear,384.0,92.0,8.0
OB1ON48Q_lr_b.jpg,4114.0,OB1ON48Q,Left_Rot,Blur,Clear,396.0,92.0,8.0
36SF4HP3_lr_b.jpg,4593.0,36SF4HP3,Left_Rot,Blur,Clear,461.0,92.0,8.0
335T7HFR_lr_b.jpg,4716.0,335T7HFR,Left_Rot,Blur,Clear,410.0,92.0,8.0
ZZWGHS85_lr_b.jpg,3640.0,ZZWGHS85,Left_Rot,Blur,Clear,347.0,92.0,8.0
5KETXJS4_lr_b.jpg,4227.0,5KETXJS4,Left_Rot,Blur,Clear,358.0,92.0,8.0
 IBE5RBW_lr_b.jpg,5114.0, IBE5RBW,Left_Rot,Blur,Clear,398.0,92.0,8.0
I7 B9O#F3_lr_b.jpg,4955.0,I7 B9O#F3,Left_Rot,Blur,Clear,420.0,92.0,9.0
VMWLSW6C0_lr_b.jpg,6755.0,VMWLSW6C0,Left_Rot,Blur,Clear,507.0,92.0,9.0
#9VZW6U4X_lr_b.jpg,6595.0,#9VZW6U4X,Left_Rot,Blur,Clear,510.0,92.0,9.0
7SDW5#J7 _lr_b.jpg,3618.0,7SDW5#J7 ,Left_Rot,Blur,Clear,411.0,92.0,9.0
MUSDBI38U_lr_b.jpg,4428.0,MUSDBI38U,Left_Rot,Blur,Clear,435.0,92.0,9.0
RG E5I#36_lr_b.jpg,5394.0,RG E5I#36,Left_Rot,Blur,Clear,469.0,92.0,9.0
ATCY34ZW4_lr_b.jpg,8328.0,ATCY34ZW4,Left_Rot,Blur,Clear,585.0,92.0,9.0
SYP53 D62_lr_b.jpg,4890.0,SYP53 D62,Left_Rot,Blur,Clear,402.0,92.0,9.0
3AP0I#KMB_lr_b.jpg,5078.0,3AP0I#KMB,Left_Rot,Blur,Clear,424.0,92.0,9.0
JEV2YB#H0_lr_b.jpg,5433.0,JEV2YB#H0,Left_Rot,Blur,Clear,435.0,92.0,9.0
HUTWAGZJH_lr_b.jpg,4942.0,HUTWAGZJH,Left_Rot,Blur,Clear,572.0,92.0,9.0
YRSDD80I4_lr_b.jpg,2953.0,YRSDD80I4,Left_Rot,Blur,Clear,434.0,92.0,9.0
9D85H HGL_lr_b.jpg,4891.0,9D85H HGL,Left_Rot,Blur,Clear,441.0,92.0,9.0
Z7S2SCQ30_lr_b.jpg,3131.0,Z7S2SCQ30,Left_Rot,Blur,Clear,381.0,92.0,9.0
78OQ55 PV_lr_b.jpg,4947.0,78OQ55 PV,Left_Rot,Blur,Clear,419.0,92.0,9.0
-8HST3WLT_lr_b.jpg,6880.0,-8HST3WLT,Left_Rot,Blur,Clear,606.0,92.0,9.0
7SG N8K-R_lr_b.jpg,2014.0,7SG N8K-R,Left_Rot,Blur,Clear,209.0,92.0,9.0
WDWK9EL8T_lr_b.jpg,4922.0,WDWK9EL8T,Left_Rot,Blur,Clear,415.0,92.0,9.0
THBYOPZ-O_lr_b.jpg,5199.0,THBYOPZ-O,Left_Rot,Blur,Clear,431.0,92.0,9.0
C#IL351KX_lr_b.jpg,2260.0,C#IL351KX,Left_Rot,Blur,Clear,403.0,92.0,9.0
OSY233-O7W_lr_b.jpg,5677.0,OSY233-O7W,Left_Rot,Blur,Clear,487.0,92.0,10.0
SVBVS04LAC_lr_b.jpg,4833.0,SVBVS04LAC,Left_Rot,Blur,Clear,386.0,92.0,10.0
UL7QN7HVTG_lr_b.jpg,3654.0,UL7QN7HVTG,Left_Rot,Blur,Clear,363.0,92.0,10.0
-1T4ULAYRG_lr_b.jpg,4108.0,-1T4ULAYRG,Left_Rot,Blur,Clear,496.0,92.0,10.0
V-P148FXQT_lr_b.jpg,5237.0,V-P148FXQT,Left_Rot,Blur,Clear,476.0,92.0,10.0
8XPL4K6#7 _lr_b.jpg,5360.0,8XPL4K6#7 ,Left_Rot,Blur,Clear,435.0,92.0,10.0
QEML01OSC7_lr_b.jpg,4904.0,QEML01OSC7,Left_Rot,Blur,Clear,562.0,92.0,10.0
RA32A6RO67_lr_b.jpg,6524.0,RA32A6RO67,Left_Rot,Blur,Clear,480.0,92.0,10.0
#R2XUI- 7-_lr_b.jpg,3568.0,#R2XUI- 7-,Left_Rot,Blur,Clear,400.0,92.0,10.0
 7YYEHJJGU_lr_b.jpg,5651.0, 7YYEHJJGU,Left_Rot,Blur,Clear,484.0,92.0,10.0
36DV04MLT5_lr_b.jpg,5853.0,36DV04MLT5,Left_Rot,Blur,Clear,503.0,92.0,10.0
LR8SC2NU6V_lr_b.jpg,6775.0,LR8SC2NU6V,Left_Rot,Blur,Clear,569.0,92.0,10.0
CG0JUXOZ9W_lr_b.jpg,5719.0,CG0JUXOZ9W,Left_Rot,Blur,Clear,521.0,92.0,10.0
XUIW3ZT 3P_lr_b.jpg,3189.0,XUIW3ZT 3P,Left_Rot,Blur,Clear,455.0,92.0,10.0
0NR#CR06UH_lr_b.jpg,7086.0,0NR#CR06UH,Left_Rot,Blur,Clear,557.0,92.0,10.0
MTGKCI88IW_lr_b.jpg,5608.0,MTGKCI88IW,Left_Rot,Blur,Clear,488.0,92.0,10.0
RV9ISIOVNV_lr_b.jpg,5978.0,RV9ISIOVNV,Left_Rot,Blur,Clear,620.0,92.0,10.0
E5AKBY2EDQ_lr_b.jpg,6468.0,E5AKBY2EDQ,Left_Rot,Blur,Clear,579.0,92.0,10.0
74X36FNNMF_lr_b.jpg,6567.0,74X36FNNMF,Left_Rot,Blur,Clear,677.0,92.0,10.0
34ESVYN113_lr_b.jpg,4724.0,34ESVYN113,Left_Rot,Blur,Clear,456.0,92.0,10.0
N0KH8XD TZQ_lr_b.jpg,4925.0,N0KH8XD TZQ,Left_Rot,Blur,Clear,408.0,92.0,11.0
2QCEXPATRUA_lr_b.jpg,5870.0,2QCEXPATRUA,Left_Rot,Blur,Clear,526.0,92.0,11.0
1FCLLZ Q7QH_lr_b.jpg,5327.0,1FCLLZ Q7QH,Left_Rot,Blur,Clear,505.0,92.0,11.0
VAZ-IJ4N72B_lr_b.jpg,5029.0,VAZ-IJ4N72B,Left_Rot,Blur,Clear,627.0,92.0,11.0
0M##3AY-#H-_lr_b.jpg,3579.0,0M##3AY-#H-,Left_Rot,Blur,Clear,496.0,92.0,11.0
D0M0Z4W0A2L_lr_b.jpg,7593.0,D0M0Z4W0A2L,Left_Rot,Blur,Clear,728.0,92.0,11.0
R2TFHNCQJ7W_lr_b.jpg,3740.0,R2TFHNCQJ7W,Left_Rot,Blur,Clear,466.0,92.0,11.0
KE7H3JG6LCG_lr_b.jpg,6071.0,KE7H3JG6LCG,Left_Rot,Blur,Clear,477.0,92.0,11.0
BEKJQAALBN1_lr_b.jpg,5549.0,BEKJQAALBN1,Left_Rot,Blur,Clear,647.0,92.0,11.0
CB9X17 FOCO_lr_b.jpg,4629.0,CB9X17 FOCO,Left_Rot,Blur,Clear,684.0,92.0,11.0
QX6H-VX-R5P_lr_b.jpg,5546.0,QX6H-VX-R5P,Left_Rot,Blur,Clear,549.0,92.0,11.0
6UA7F1W6SQB_lr_b.jpg,6359.0,6UA7F1W6SQB,Left_Rot,Blur,Clear,554.0,92.0,11.0
R-EMVCMNZF8_lr_b.jpg,7210.0,R-EMVCMNZF8,Left_Rot,Blur,Clear,698.0,92.0,11.0
Q1V0ZYFLBA7_lr_b.jpg,3747.0,Q1V0ZYFLBA7,Left_Rot,Blur,Clear,521.0,92.0,11.0
YZXXS15GZA3_lr_b.jpg,6474.0,YZXXS15GZA3,Left_Rot,Blur,Clear,602.0,92.0,11.0
XGMG5CLGZY-_lr_b.jpg,4540.0,XGMG5CLGZY-,Left_Rot,Blur,Clear,507.0,92.0,11.0
3NO7THH2ZZP_lr_b.jpg,5033.0,3NO7THH2ZZP,Left_Rot,Blur,Clear,530.0,92.0,11.0
R DK7FXC3 T_lr_b.jpg,4949.0,R DK7FXC3 T,Left_Rot,Blur,Clear,503.0,92.0,11.0
AN775AYS37F_lr_b.jpg,5878.0,AN775AYS37F,Left_Rot,Blur,Clear,513.0,92.0,11.0
1EU1#EUGV4Q_lr_b.jpg,4880.0,1EU1#EUGV4Q,Left_Rot,Blur,Clear,487.0,92.0,11.0
BDNN8OQ- A20_lr_b.jpg,3866.0,BDNN8OQ- A20,Left_Rot,Blur,Clear,519.0,92.0,12.0
GUAEWJQZ3X1 _lr_b.jpg,3503.0,GUAEWJQZ3X1 ,Left_Rot,Blur,Clear,522.0,92.0,12.0
X60M5EB 5G#P_lr_b.jpg,7397.0,X60M5EB 5G#P,Left_Rot,Blur,Clear,603.0,92.0,12.0
D--4OJGJ04PN_lr_b.jpg,6984.0,D--4OJGJ04PN,Left_Rot,Blur,Clear,563.0,92.0,12.0
3Q9ARIF8HFVF_lr_b.jpg,5771.0,3Q9ARIF8HFVF,Left_Rot,Blur,Clear,595.0,92.0,12.0
HMMT IAMHCRE_lr_b.jpg,7344.0,HMMT IAMHCRE,Left_Rot,Blur,Clear,657.0,92.0,12.0
DYFO9L-UGM5E_lr_b.jpg,6491.0,DYFO9L-UGM5E,Left_Rot,Blur,Clear,587.0,92.0,12.0
HDCRLNAS4XRQ_lr_b.jpg,6604.0,HDCRLNAS4XRQ,Left_Rot,Blur,Clear,631.0,92.0,12.0
83497A1N5TG1_lr_b.jpg,5196.0,83497A1N5TG1,Left_Rot,Blur,Clear,562.0,92.0,12.0
VUP5MD3GM4ES_lr_b.jpg,7119.0,VUP5MD3GM4ES,Left_Rot,Blur,Clear,598.0,92.0,12.0
6Q#BS4K-9DMK_lr_b.jpg,4716.0,6Q#BS4K-9DMK,Left_Rot,Blur,Clear,441.0,92.0,12.0
 AC5Q6OB1LA8_lr_b.jpg,4094.0, AC5Q6OB1LA8,Left_Rot,Blur,Clear,459.0,92.0,12.0
DAQ4JI7GAVT4_lr_b.jpg,5424.0,DAQ4JI7GAVT4,Left_Rot,Blur,Clear,507.0,92.0,12.0
H6LP#TV8HOPQ_lr_b.jpg,7956.0,H6LP#TV8HOPQ,Left_Rot,Blur,Clear,693.0,92.0,12.0
PZRRBQWE F4D_lr_b.jpg,6314.0,PZRRBQWE F4D,Left_Rot,Blur,Clear,540.0,92.0,12.0
ZCZRD ZR1OB#_lr_b.jpg,4714.0,ZCZRD ZR1OB#,Left_Rot,Blur,Clear,474.0,92.0,12.0
GRTY1XAN-P4H_lr_b.jpg,3717.0,GRTY1XAN-P4H,Left_Rot,Blur,Clear,610.0,92.0,12.0
16SVOEZAD4F _lr_b.jpg,6955.0,16SVOEZAD4F ,Left_Rot,Blur,Clear,569.0,92.0,12.0
3QH4VFGEM  R_lr_b.jpg,5774.0,3QH4VFGEM  R,Left_Rot,Blur,Clear,541.0,92.0,12.0
#YB90RS-MZKX_lr_b.jpg,8178.0,#YB90RS-MZKX,Left_Rot,Blur,Clear,645.0,92.0,12.0
E1SU29EM  CR#_lr_b.jpg,7138.0,E1SU29EM  CR#,Left_Rot,Blur,Clear,725.0,92.0,13.0
WWL1HMH0CBIHQ_lr_b.jpg,6178.0,WWL1HMH0CBIHQ,Left_Rot,Blur,Clear,655.0,92.0,13.0
#JM7GQC MIAX2_lr_b.jpg,4965.0,#JM7GQC MIAX2,Left_Rot,Blur,Clear,610.0,92.0,13.0
DJ2QZ9YPQTHI _lr_b.jpg,5613.0,DJ2QZ9YPQTHI ,Left_Rot,Blur,Clear,500.0,92.0,13.0
F3RL2P HUBPFJ_lr_b.jpg,5191.0,F3RL2P HUBPFJ,Left_Rot,Blur,Clear,578.0,92.0,13.0
 LH9HY7B9J9WH_lr_b.jpg,4992.0, LH9HY7B9J9WH,Left_Rot,Blur,Clear,605.0,92.0,13.0
OQL0STL052851_lr_b.jpg,5321.0,OQL0STL052851,Left_Rot,Blur,Clear,555.0,92.0,13.0
 8FEXL82S4QPD_lr_b.jpg,6716.0, 8FEXL82S4QPD,Left_Rot,Blur,Clear,576.0,92.0,13.0
I AD6J18XQK26_lr_b.jpg,2748.0,I AD6J18XQK26,Left_Rot,Blur,Clear,251.0,92.0,13.0
HDJFW#Q9DDL42_lr_b.jpg,5624.0,HDJFW#Q9DDL42,Left_Rot,Blur,Clear,584.0,92.0,13.0
VIH522P3VNX74_lr_b.jpg,6581.0,VIH522P3VNX74,Left_Rot,Blur,Clear,651.0,92.0,13.0
CRXGYSV YJN#B_lr_b.jpg,6340.0,CRXGYSV YJN#B,Left_Rot,Blur,Clear,562.0,92.0,13.0
F-TJGYLD8V5H _lr_b.jpg,5136.0,F-TJGYLD8V5H ,Left_Rot,Blur,Clear,584.0,92.0,13.0
DAH8NHHVRF T1_lr_b.jpg,7294.0,DAH8NHHVRF T1,Left_Rot,Blur,Clear,682.0,92.0,13.0
OH197#JFFB3KC_lr_b.jpg,5023.0,OH197#JFFB3KC,Left_Rot,Blur,Clear,593.0,92.0,13.0
AIXH2D# VRB90_lr_b.jpg,8576.0,AIXH2D# VRB90,Left_Rot,Blur,Clear,719.0,92.0,13.0
378YO6-R9ZY5D_lr_b.jpg,7765.0,378YO6-R9ZY5D,Left_Rot,Blur,Clear,661.0,92.0,13.0
AEQ4TLL1H 2NC_lr_b.jpg,3297.0,AEQ4TLL1H 2NC,Left_Rot,Blur,Clear,461.0,92.0,13.0
#1UOZAXBGILQT_lr_b.jpg,5920.0,#1UOZAXBGILQT,Left_Rot,Blur,Clear,593.0,92.0,13.0
9MXLX#2PD6AID_lr_b.jpg,8188.0,9MXLX#2PD6AID,Left_Rot,Blur,Clear,695.0,92.0,13.0
ZO1ZRYXSV0ATQ5_lr_b.jpg,8678.0,ZO1ZRYXSV0ATQ5,Left_Rot,Blur,Clear,697.0,92.0,14.0
8BLQTJER7Z8V07_lr_b.jpg,5808.0,8BLQTJER7Z8V07,Left_Rot,Blur,Clear,553.0,92.0,14.0
DDLZVO9VV 04SI_lr_b.jpg,7874.0,DDLZVO9VV 04SI,Left_Rot,Blur,Clear,699.0,92.0,14.0
MH46YALI69-N3R_lr_b.jpg,6024.0,MH46YALI69-N3R,Left_Rot,Blur,Clear,627.0,92.0,14.0
TESMGV9YP2TEQH_lr_b.jpg,6364.0,TESMGV9YP2TEQH,Left_Rot,Blur,Clear,650.0,92.0,14.0
H14AIN72MM1DBB_lr_b.jpg,8498.0,H14AIN72MM1DBB,Left_Rot,Blur,Clear,789.0,92.0,14.0
RLX5 CF3CNJOAO_lr_b.jpg,11217.0,RLX5 CF3CNJOAO,Left_Rot,Blur,Clear,827.0,92.0,14.0
8Z 8 #BRXOBBZT_lr_b.jpg,7660.0,8Z 8 #BRXOBBZT,Left_Rot,Blur,Clear,621.0,92.0,14.0
OJAVWZX5Z8TCH4_lr_b.jpg,7789.0,OJAVWZX5Z8TCH4,Left_Rot,Blur,Clear,684.0,92.0,14.0
6P#NLR#Y902ATQ_lr_b.jpg,6749.0,6P#NLR#Y902ATQ,Left_Rot,Blur,Clear,610.0,92.0,14.0
 ZCAZI907A0O0T_lr_b.jpg,6333.0, ZCAZI907A0O0T,Left_Rot,Blur,Clear,751.0,92.0,14.0
6XQ#H20MUPT2UM_lr_b.jpg,3660.0,6XQ#H20MUPT2UM,Left_Rot,Blur,Clear,669.0,92.0,14.0
C6T8WS1W1K9GWJ_lr_b.jpg,8605.0,C6T8WS1W1K9GWJ,Left_Rot,Blur,Clear,776.0,92.0,14.0
RVJNBW8RSTE9RI_lr_b.jpg,5038.0,RVJNBW8RSTE9RI,Left_Rot,Blur,Clear,671.0,92.0,14.0
VBMC#1P14JV#RY_lr_b.jpg,7865.0,VBMC#1P14JV#RY,Left_Rot,Blur,Clear,720.0,92.0,14.0
-95HFL0ZITHCAX_lr_b.jpg,9670.0,-95HFL0ZITHCAX,Left_Rot,Blur,Clear,893.0,92.0,14.0
O34W7L#7WL4VBR_lr_b.jpg,3191.0,O34W7L#7WL4VBR,Left_Rot,Blur,Clear,342.0,92.0,14.0
LH4PKNNRXP28O3_lr_b.jpg,5965.0,LH4PKNNRXP28O3,Left_Rot,Blur,Clear,605.0,92.0,14.0
WS4VKS-4DZDVPQ_lr_b.jpg,6090.0,WS4VKS-4DZDVPQ,Left_Rot,Blur,Clear,594.0,92.0,14.0
P4W3KBIPBD88RA_lr_b.jpg,4084.0,P4W3KBIPBD88RA,Left_Rot,Blur,Clear,675.0,92.0,14.0
L6I6A_rr_c.jpg,6685.0,L6I6A,Right_Rot,Clear,Clear,244.0,92.0,5.0
J9R7R_rr_c.jpg,5575.0,J9R7R,Right_Rot,Clear,Clear,181.0,92.0,5.0
NOLRP_rr_c.jpg,7077.0,NOLRP,Right_Rot,Clear,Clear,238.0,92.0,5.0
Q607Q_rr_c.jpg,7123.0,Q607Q,Right_Rot,Clear,Clear,245.0,92.0,5.0
-EKA0_rr_c.jpg,5908.0,-EKA0,Right_Rot,Clear,Clear,269.0,92.0,5.0
NR#9F_rr_c.jpg,6916.0,NR#9F,Right_Rot,Clear,Clear,249.0,92.0,5.0
 MSA1_rr_c.jpg,7655.0, MSA1,Right_Rot,Clear,Clear,278.0,92.0,5.0
89A1Z_rr_c.jpg,6603.0,89A1Z,Right_Rot,Clear,Clear,232.0,92.0,5.0
BZD9K_rr_c.jpg,6814.0,BZD9K,Right_Rot,Clear,Clear,250.0,92.0,5.0
AAA6U_rr_c.jpg,8277.0,AAA6U,Right_Rot,Clear,Clear,286.0,92.0,5.0
KQEG7_rr_c.jpg,6773.0,KQEG7,Right_Rot,Clear,Clear,282.0,92.0,5.0
6LTAI_rr_c.jpg,6778.0,6LTAI,Right_Rot,Clear,Clear,253.0,92.0,5.0
K0MA3_rr_c.jpg,7367.0,K0MA3,Right_Rot,Clear,Clear,262.0,92.0,5.0
7G8DD_rr_c.jpg,6371.0,7G8DD,Right_Rot,Clear,Clear,250.0,92.0,5.0
9R1QB_rr_c.jpg,6447.0,9R1QB,Right_Rot,Clear,Clear,225.0,92.0,5.0
TVH73_rr_c.jpg,6861.0,TVH73,Right_Rot,Clear,Clear,246.0,92.0,5.0
JZG5K_rr_c.jpg,9487.0,JZG5K,Right_Rot,Clear,Clear,350.0,92.0,5.0
4S QA_rr_c.jpg,7123.0,4S QA,Right_Rot,Clear,Clear,275.0,92.0,5.0
KJG9A_rr_c.jpg,9434.0,KJG9A,Right_Rot,Clear,Clear,337.0,92.0,5.0
CQ-80_rr_c.jpg,5664.0,CQ-80,Right_Rot,Clear,Clear,195.0,92.0,5.0
JS#07B_rr_c.jpg,6893.0,JS#07B,Right_Rot,Clear,Clear,248.0,92.0,6.0
VY-72H_rr_c.jpg,7944.0,VY-72H,Right_Rot,Clear,Clear,308.0,92.0,6.0
T595GL_rr_c.jpg,7729.0,T595GL,Right_Rot,Clear,Clear,274.0,92.0,6.0
-9 YXN_rr_c.jpg,8674.0,-9 YXN,Right_Rot,Clear,Clear,349.0,92.0,6.0
2- CZJ_rr_c.jpg,6018.0,2- CZJ,Right_Rot,Clear,Clear,231.0,92.0,6.0
-7ZPOW_rr_c.jpg,9260.0,-7ZPOW,Right_Rot,Clear,Clear,372.0,92.0,6.0
TSYRP-_rr_c.jpg,6820.0,TSYRP-,Right_Rot,Clear,Clear,252.0,92.0,6.0
P0V3QY_rr_c.jpg,7023.0,P0V3QY,Right_Rot,Clear,Clear,249.0,92.0,6.0
CH24B6_rr_c.jpg,10323.0,CH24B6,Right_Rot,Clear,Clear,331.0,92.0,6.0
-MSHB1_rr_c.jpg,9364.0,-MSHB1,Right_Rot,Clear,Clear,364.0,92.0,6.0
E57NWH_rr_c.jpg,11049.0,E57NWH,Right_Rot,Clear,Clear,395.0,92.0,6.0
5AKCU5_rr_c.jpg,8460.0,5AKCU5,Right_Rot,Clear,Clear,340.0,92.0,6.0
SK2K7K_rr_c.jpg,10031.0,SK2K7K,Right_Rot,Clear,Clear,381.0,92.0,6.0
4SLN2V_rr_c.jpg,7663.0,4SLN2V,Right_Rot,Clear,Clear,286.0,92.0,6.0
168U7Z_rr_c.jpg,8876.0,168U7Z,Right_Rot,Clear,Clear,316.0,92.0,6.0
T#RQ-O_rr_c.jpg,6819.0,T#RQ-O,Right_Rot,Clear,Clear,243.0,92.0,6.0
WQMEJI_rr_c.jpg,6919.0,WQMEJI,Right_Rot,Clear,Clear,248.0,92.0,6.0
NVJC-S_rr_c.jpg,7768.0,NVJC-S,Right_Rot,Clear,Clear,301.0,92.0,6.0
JVRMUL_rr_c.jpg,6994.0,JVRMUL,Right_Rot,Clear,Clear,259.0,92.0,6.0
 558ZO_rr_c.jpg,7199.0, 558ZO,Right_Rot,Clear,Clear,258.0,92.0,6.0
7T43P L_rr_c.jpg,7779.0,7T43P L,Right_Rot,Clear,Clear,302.0,92.0,7.0
33YXDDH_rr_c.jpg,8876.0,33YXDDH,Right_Rot,Clear,Clear,373.0,92.0,7.0
E0YXXZB_rr_c.jpg,10987.0,E0YXXZB,Right_Rot,Clear,Clear,395.0,92.0,7.0
R7HM#00_rr_c.jpg,10033.0,R7HM#00,Right_Rot,Clear,Clear,383.0,92.0,7.0
4YJ6R5U_rr_c.jpg,10311.0,4YJ6R5U,Right_Rot,Clear,Clear,400.0,92.0,7.0
QZ##SC _rr_c.jpg,7842.0,QZ##SC ,Right_Rot,Clear,Clear,301.0,92.0,7.0
UCCEU8E_rr_c.jpg,10632.0,UCCEU8E,Right_Rot,Clear,Clear,410.0,92.0,7.0
A LFYYZ_rr_c.jpg,9059.0,A LFYYZ,Right_Rot,Clear,Clear,359.0,92.0,7.0
SHLV5UR_rr_c.jpg,9788.0,SHLV5UR,Right_Rot,Clear,Clear,345.0,92.0,7.0
50124LP_rr_c.jpg,8537.0,50124LP,Right_Rot,Clear,Clear,301.0,92.0,7.0
CKOF5FI_rr_c.jpg,6979.0,CKOF5FI,Right_Rot,Clear,Clear,264.0,92.0,7.0
4IR#-JU_rr_c.jpg,6323.0,4IR#-JU,Right_Rot,Clear,Clear,239.0,92.0,7.0
DIWKDBQ_rr_c.jpg,9064.0,DIWKDBQ,Right_Rot,Clear,Clear,323.0,92.0,7.0
-ZMF8#N_rr_c.jpg,10549.0,-ZMF8#N,Right_Rot,Clear,Clear,403.0,92.0,7.0
PPGOP-9_rr_c.jpg,9708.0,PPGOP-9,Right_Rot,Clear,Clear,346.0,92.0,7.0
BPQH9FH_rr_c.jpg,7794.0,BPQH9FH,Right_Rot,Clear,Clear,284.0,92.0,7.0
5L76P2A_rr_c.jpg,8794.0,5L76P2A,Right_Rot,Clear,Clear,338.0,92.0,7.0
HX9U#4R_rr_c.jpg,10146.0,HX9U#4R,Right_Rot,Clear,Clear,372.0,92.0,7.0
IFLMPHO_rr_c.jpg,10559.0,IFLMPHO,Right_Rot,Clear,Clear,405.0,92.0,7.0
DASKG26_rr_c.jpg,10516.0,DASKG26,Right_Rot,Clear,Clear,378.0,92.0,7.0
PHE 4 IB_rr_c.jpg,8662.0,PHE 4 IB,Right_Rot,Clear,Clear,355.0,92.0,8.0
E-UZRU1J_rr_c.jpg,10025.0,E-UZRU1J,Right_Rot,Clear,Clear,386.0,92.0,8.0
2D9NFL0-_rr_c.jpg,8888.0,2D9NFL0-,Right_Rot,Clear,Clear,362.0,92.0,8.0
4FLLWCPX_rr_c.jpg,10787.0,4FLLWCPX,Right_Rot,Clear,Clear,414.0,92.0,8.0
GTN2JQD7_rr_c.jpg,10580.0,GTN2JQD7,Right_Rot,Clear,Clear,397.0,92.0,8.0
1F7FRYGM_rr_c.jpg,10138.0,1F7FRYGM,Right_Rot,Clear,Clear,390.0,92.0,8.0
LKL#6ZNH_rr_c.jpg,11102.0,LKL#6ZNH,Right_Rot,Clear,Clear,399.0,92.0,8.0
JAOSJEON_rr_c.jpg,11664.0,JAOSJEON,Right_Rot,Clear,Clear,433.0,92.0,8.0
51R7ETI3_rr_c.jpg,5188.0,51R7ETI3,Right_Rot,Clear,Clear,162.0,92.0,8.0
X-UC95ZA_rr_c.jpg,9348.0,X-UC95ZA,Right_Rot,Clear,Clear,367.0,92.0,8.0
T VBZLYB_rr_c.jpg,10616.0,T VBZLYB,Right_Rot,Clear,Clear,381.0,92.0,8.0
EU-7OI3V_rr_c.jpg,10329.0,EU-7OI3V,Right_Rot,Clear,Clear,399.0,92.0,8.0
6SJX 4OI_rr_c.jpg,9483.0,6SJX 4OI,Right_Rot,Clear,Clear,338.0,92.0,8.0
 V3NWU1J_rr_c.jpg,9425.0, V3NWU1J,Right_Rot,Clear,Clear,418.0,92.0,8.0
JOGC9TK6_rr_c.jpg,10532.0,JOGC9TK6,Right_Rot,Clear,Clear,387.0,92.0,8.0
0ZIKH VO_rr_c.jpg,12323.0,0ZIKH VO,Right_Rot,Clear,Clear,440.0,92.0,8.0
IN2ZS4AV_rr_c.jpg,11220.0,IN2ZS4AV,Right_Rot,Clear,Clear,402.0,92.0,8.0
4IZO2H42_rr_c.jpg,8851.0,4IZO2H42,Right_Rot,Clear,Clear,297.0,92.0,8.0
EEWHDKWM_rr_c.jpg,12821.0,EEWHDKWM,Right_Rot,Clear,Clear,502.0,92.0,8.0
6QSLKWP-_rr_c.jpg,10575.0,6QSLKWP-,Right_Rot,Clear,Clear,390.0,92.0,8.0
3YDD2TY7O_rr_c.jpg,12768.0,3YDD2TY7O,Right_Rot,Clear,Clear,442.0,92.0,9.0
ZGS1-QBCA_rr_c.jpg,9789.0,ZGS1-QBCA,Right_Rot,Clear,Clear,377.0,92.0,9.0
3AX131K2X_rr_c.jpg,11761.0,3AX131K2X,Right_Rot,Clear,Clear,472.0,92.0,9.0
D542U5FV4_rr_c.jpg,10712.0,D542U5FV4,Right_Rot,Clear,Clear,417.0,92.0,9.0
XH8SV36D4_rr_c.jpg,11865.0,XH8SV36D4,Right_Rot,Clear,Clear,442.0,92.0,9.0
8-4V02LF _rr_c.jpg,11582.0,8-4V02LF ,Right_Rot,Clear,Clear,449.0,92.0,9.0
1 AM9NPOE_rr_c.jpg,16161.0,1 AM9NPOE,Right_Rot,Clear,Clear,543.0,92.0,9.0
BN8E3X1H3_rr_c.jpg,12073.0,BN8E3X1H3,Right_Rot,Clear,Clear,444.0,92.0,9.0
B5TYZ0PN2_rr_c.jpg,11591.0,B5TYZ0PN2,Right_Rot,Clear,Clear,428.0,92.0,9.0
GJJB8YEKW_rr_c.jpg,11642.0,GJJB8YEKW,Right_Rot,Clear,Clear,457.0,92.0,9.0
CR 1GDNLB_rr_c.jpg,13131.0,CR 1GDNLB,Right_Rot,Clear,Clear,509.0,92.0,9.0
VA34VYIT7_rr_c.jpg,9839.0,VA34VYIT7,Right_Rot,Clear,Clear,421.0,92.0,9.0
ZSIXG#GXF_rr_c.jpg,13022.0,ZSIXG#GXF,Right_Rot,Clear,Clear,442.0,92.0,9.0
QJ7WQIT3Z_rr_c.jpg,9554.0,QJ7WQIT3Z,Right_Rot,Clear,Clear,389.0,92.0,9.0
B8-STL5MV_rr_c.jpg,11158.0,B8-STL5MV,Right_Rot,Clear,Clear,436.0,92.0,9.0
0G97I4YPB_rr_c.jpg,14972.0,0G97I4YPB,Right_Rot,Clear,Clear,576.0,92.0,9.0
J0Q8HC-ZP_rr_c.jpg,5392.0,J0Q8HC-ZP,Right_Rot,Clear,Clear,190.0,92.0,9.0
0NTW9W47W_rr_c.jpg,11313.0,0NTW9W47W,Right_Rot,Clear,Clear,433.0,92.0,9.0
KZZJ#2-MK_rr_c.jpg,9828.0,KZZJ#2-MK,Right_Rot,Clear,Clear,368.0,92.0,9.0
YF4PBLTTM_rr_c.jpg,10344.0,YF4PBLTTM,Right_Rot,Clear,Clear,440.0,92.0,9.0
V53FYGA-#D_rr_c.jpg,12598.0,V53FYGA-#D,Right_Rot,Clear,Clear,476.0,92.0,10.0
N2PXM0LFEW_rr_c.jpg,11324.0,N2PXM0LFEW,Right_Rot,Clear,Clear,398.0,92.0,10.0
SF03A7TWSP_rr_c.jpg,12849.0,SF03A7TWSP,Right_Rot,Clear,Clear,442.0,92.0,10.0
MNO#P1VPCB_rr_c.jpg,14018.0,MNO#P1VPCB,Right_Rot,Clear,Clear,560.0,92.0,10.0
HJOX BD3H9_rr_c.jpg,11716.0,HJOX BD3H9,Right_Rot,Clear,Clear,472.0,92.0,10.0
2ZRR 91T#A_rr_c.jpg,12783.0,2ZRR 91T#A,Right_Rot,Clear,Clear,439.0,92.0,10.0
PX4I#W3L#M_rr_c.jpg,13461.0,PX4I#W3L#M,Right_Rot,Clear,Clear,554.0,92.0,10.0
MF9HO8YBUT_rr_c.jpg,14096.0,MF9HO8YBUT,Right_Rot,Clear,Clear,520.0,92.0,10.0
QTK6P#VQR7_rr_c.jpg,13481.0,QTK6P#VQR7,Right_Rot,Clear,Clear,506.0,92.0,10.0
28QIMSQGGW_rr_c.jpg,13941.0,28QIMSQGGW,Right_Rot,Clear,Clear,514.0,92.0,10.0
BI PZJ5H#H_rr_c.jpg,11128.0,BI PZJ5H#H,Right_Rot,Clear,Clear,463.0,92.0,10.0
6XWZOQYSG _rr_c.jpg,16193.0,6XWZOQYSG ,Right_Rot,Clear,Clear,600.0,92.0,10.0
BY2MRD-CMM_rr_c.jpg,16157.0,BY2MRD-CMM,Right_Rot,Clear,Clear,608.0,92.0,10.0
DYIQHCSY 7_rr_c.jpg,10672.0,DYIQHCSY 7,Right_Rot,Clear,Clear,444.0,92.0,10.0
YXGPB7BBGG_rr_c.jpg,12687.0,YXGPB7BBGG,Right_Rot,Clear,Clear,512.0,92.0,10.0
JKTNFCEHBQ_rr_c.jpg,10551.0,JKTNFCEHBQ,Right_Rot,Clear,Clear,422.0,92.0,10.0
G360RUCWDA_rr_c.jpg,21066.0,G360RUCWDA,Right_Rot,Clear,Clear,721.0,92.0,10.0
Q#6V7ZIZ12_rr_c.jpg,12736.0,Q#6V7ZIZ12,Right_Rot,Clear,Clear,490.0,92.0,10.0
H6FP37AFH9_rr_c.jpg,16229.0,H6FP37AFH9,Right_Rot,Clear,Clear,649.0,92.0,10.0
VC59J7DQXS_rr_c.jpg,10641.0,VC59J7DQXS,Right_Rot,Clear,Clear,427.0,92.0,10.0
RA2KGXCZZ4X_rr_c.jpg,12415.0,RA2KGXCZZ4X,Right_Rot,Clear,Clear,462.0,92.0,11.0
YEE9Y1OZ28O_rr_c.jpg,15010.0,YEE9Y1OZ28O,Right_Rot,Clear,Clear,577.0,92.0,11.0
OJZYVUS3ZB _rr_c.jpg,13060.0,OJZYVUS3ZB ,Right_Rot,Clear,Clear,519.0,92.0,11.0
ELWU ICAU74_rr_c.jpg,15910.0,ELWU ICAU74,Right_Rot,Clear,Clear,666.0,92.0,11.0
 IFMF#726AF_rr_c.jpg,11656.0, IFMF#726AF,Right_Rot,Clear,Clear,466.0,92.0,11.0
NQQ685SX53W_rr_c.jpg,15181.0,NQQ685SX53W,Right_Rot,Clear,Clear,590.0,92.0,11.0
0C0C-X5A4LV_rr_c.jpg,13186.0,0C0C-X5A4LV,Right_Rot,Clear,Clear,479.0,92.0,11.0
XPSZC1OK-BW_rr_c.jpg,13273.0,XPSZC1OK-BW,Right_Rot,Clear,Clear,491.0,92.0,11.0
AMF6VI5LYIG_rr_c.jpg,17018.0,AMF6VI5LYIG,Right_Rot,Clear,Clear,615.0,92.0,11.0
L12XBPRVD55_rr_c.jpg,17144.0,L12XBPRVD55,Right_Rot,Clear,Clear,665.0,92.0,11.0
EHO#1V MESB_rr_c.jpg,17534.0,EHO#1V MESB,Right_Rot,Clear,Clear,665.0,92.0,11.0
KQ4U6IC8Z41_rr_c.jpg,13638.0,KQ4U6IC8Z41,Right_Rot,Clear,Clear,502.0,92.0,11.0
MHHSJ3ML-9V_rr_c.jpg,17342.0,MHHSJ3ML-9V,Right_Rot,Clear,Clear,641.0,92.0,11.0
BXGAG7362IY_rr_c.jpg,12635.0,BXGAG7362IY,Right_Rot,Clear,Clear,486.0,92.0,11.0
54 1VYX5 80_rr_c.jpg,14164.0,54 1VYX5 80,Right_Rot,Clear,Clear,529.0,92.0,11.0
#1ZO0IYILC#_rr_c.jpg,12124.0,#1ZO0IYILC#,Right_Rot,Clear,Clear,456.0,92.0,11.0
79N9DCOVZ I_rr_c.jpg,12483.0,79N9DCOVZ I,Right_Rot,Clear,Clear,478.0,92.0,11.0
CGYROA95QR2_rr_c.jpg,14390.0,CGYROA95QR2,Right_Rot,Clear,Clear,533.0,92.0,11.0
RC6UX1V#0VF_rr_c.jpg,15393.0,RC6UX1V#0VF,Right_Rot,Clear,Clear,523.0,92.0,11.0
UGAMGDW44-K_rr_c.jpg,13773.0,UGAMGDW44-K,Right_Rot,Clear,Clear,561.0,92.0,11.0
WENKXXBH9LZL_rr_c.jpg,17169.0,WENKXXBH9LZL,Right_Rot,Clear,Clear,629.0,92.0,12.0
KKR814B0VJYU_rr_c.jpg,15075.0,KKR814B0VJYU,Right_Rot,Clear,Clear,576.0,92.0,12.0
W16PI4O#XJ52_rr_c.jpg,16422.0,W16PI4O#XJ52,Right_Rot,Clear,Clear,613.0,92.0,12.0
BP7KIOX45XUI_rr_c.jpg,16358.0,BP7KIOX45XUI,Right_Rot,Clear,Clear,598.0,92.0,12.0
GPE6X-8-SKT0_rr_c.jpg,16369.0,GPE6X-8-SKT0,Right_Rot,Clear,Clear,645.0,92.0,12.0
R991KGA0A4ZO_rr_c.jpg,16494.0,R991KGA0A4ZO,Right_Rot,Clear,Clear,628.0,92.0,12.0
L1GC71B55MG-_rr_c.jpg,13772.0,L1GC71B55MG-,Right_Rot,Clear,Clear,558.0,92.0,12.0
OQY0Y4 RKCZ6_rr_c.jpg,14438.0,OQY0Y4 RKCZ6,Right_Rot,Clear,Clear,587.0,92.0,12.0
IV-A9EL-IIDL_rr_c.jpg,11547.0,IV-A9EL-IIDL,Right_Rot,Clear,Clear,429.0,92.0,12.0
#4V8API299C-_rr_c.jpg,14262.0,#4V8API299C-,Right_Rot,Clear,Clear,507.0,92.0,12.0
 JZ3MWBAONZC_rr_c.jpg,13454.0, JZ3MWBAONZC,Right_Rot,Clear,Clear,496.0,92.0,12.0
MFEPIM4OSK1H_rr_c.jpg,15974.0,MFEPIM4OSK1H,Right_Rot,Clear,Clear,564.0,92.0,12.0
JTOU94XS -1S_rr_c.jpg,13785.0,JTOU94XS -1S,Right_Rot,Clear,Clear,532.0,92.0,12.0
BVGKHNS9X847_rr_c.jpg,16479.0,BVGKHNS9X847,Right_Rot,Clear,Clear,604.0,92.0,12.0
#BC3SWD1421O_rr_c.jpg,17116.0,#BC3SWD1421O,Right_Rot,Clear,Clear,643.0,92.0,12.0
GKYD13TTR4VQ_rr_c.jpg,11803.0,GKYD13TTR4VQ,Right_Rot,Clear,Clear,461.0,92.0,12.0
AVQVI4XN3B2X_rr_c.jpg,12834.0,AVQVI4XN3B2X,Right_Rot,Clear,Clear,527.0,92.0,12.0
0Q5CSMTE3W3K_rr_c.jpg,15278.0,0Q5CSMTE3W3K,Right_Rot,Clear,Clear,577.0,92.0,12.0
HQUK6T9OZTPH_rr_c.jpg,14854.0,HQUK6T9OZTPH,Right_Rot,Clear,Clear,601.0,92.0,12.0
X5O2W2DKR5K5_rr_c.jpg,18090.0,X5O2W2DKR5K5,Right_Rot,Clear,Clear,664.0,92.0,12.0
KDSGW25JCS7ZR_rr_c.jpg,20444.0,KDSGW25JCS7ZR,Right_Rot,Clear,Clear,756.0,92.0,13.0
RAGIDIK79UUU5_rr_c.jpg,15688.0,RAGIDIK79UUU5,Right_Rot,Clear,Clear,605.0,92.0,13.0
CV7TDBHKTNOFO_rr_c.jpg,16123.0,CV7TDBHKTNOFO,Right_Rot,Clear,Clear,673.0,92.0,13.0
NK2MLHF6HMPN7_rr_c.jpg,16661.0,NK2MLHF6HMPN7,Right_Rot,Clear,Clear,715.0,92.0,13.0
8K D8DP-#J8LD_rr_c.jpg,16265.0,8K D8DP-#J8LD,Right_Rot,Clear,Clear,653.0,92.0,13.0
WZ9KLUJZX8PYW_rr_c.jpg,18294.0,WZ9KLUJZX8PYW,Right_Rot,Clear,Clear,686.0,92.0,13.0
X FWKSM7M255U_rr_c.jpg,19138.0,X FWKSM7M255U,Right_Rot,Clear,Clear,693.0,92.0,13.0
H-WIG3ZX2N3HT_rr_c.jpg,17238.0,H-WIG3ZX2N3HT,Right_Rot,Clear,Clear,690.0,92.0,13.0
A6QI7I58P J38_rr_c.jpg,6850.0,A6QI7I58P J38,Right_Rot,Clear,Clear,233.0,92.0,13.0
J36YJ-R5XY5SB_rr_c.jpg,17042.0,J36YJ-R5XY5SB,Right_Rot,Clear,Clear,589.0,92.0,13.0
9YWXCLT80DVSC_rr_c.jpg,19256.0,9YWXCLT80DVSC,Right_Rot,Clear,Clear,695.0,92.0,13.0
R8H7G7TGPY002_rr_c.jpg,16333.0,R8H7G7TGPY002,Right_Rot,Clear,Clear,693.0,92.0,13.0
88#KDRL0JUA8E_rr_c.jpg,18778.0,88#KDRL0JUA8E,Right_Rot,Clear,Clear,704.0,92.0,13.0
1IB-NXFZBE9M5_rr_c.jpg,17301.0,1IB-NXFZBE9M5,Right_Rot,Clear,Clear,644.0,92.0,13.0
RA2OZ9SG90U87_rr_c.jpg,16570.0,RA2OZ9SG90U87,Right_Rot,Clear,Clear,609.0,92.0,13.0
4W-YWKX9UFQU#_rr_c.jpg,21851.0,4W-YWKX9UFQU#,Right_Rot,Clear,Clear,808.0,92.0,13.0
7PC7H3ZH2-PEN_rr_c.jpg,17871.0,7PC7H3ZH2-PEN,Right_Rot,Clear,Clear,670.0,92.0,13.0
PZ#TI M0LRU#7_rr_c.jpg,12449.0,PZ#TI M0LRU#7,Right_Rot,Clear,Clear,498.0,92.0,13.0
TWE8OQ Q9D0E9_rr_c.jpg,14846.0,TWE8OQ Q9D0E9,Right_Rot,Clear,Clear,613.0,92.0,13.0
#XW5VVTCZZU6#_rr_c.jpg,19581.0,#XW5VVTCZZU6#,Right_Rot,Clear,Clear,727.0,92.0,13.0
AM96Y UE4Q1ZIV_rr_c.jpg,18108.0,AM96Y UE4Q1ZIV,Right_Rot,Clear,Clear,669.0,92.0,14.0
585DPI8TNBPEHD_rr_c.jpg,17506.0,585DPI8TNBPEHD,Right_Rot,Clear,Clear,663.0,92.0,14.0
U-BP5M1CYMPO T_rr_c.jpg,18487.0,U-BP5M1CYMPO T,Right_Rot,Clear,Clear,750.0,92.0,14.0
KYPWDBWP5MQ3M5_rr_c.jpg,17545.0,KYPWDBWP5MQ3M5,Right_Rot,Clear,Clear,688.0,92.0,14.0
E AJI7BMYZ5MAA_rr_c.jpg,17432.0,E AJI7BMYZ5MAA,Right_Rot,Clear,Clear,673.0,92.0,14.0
4Y2N3M#V48NSOM_rr_c.jpg,24333.0,4Y2N3M#V48NSOM,Right_Rot,Clear,Clear,907.0,92.0,14.0
JMGHO-3BIEF1MF_rr_c.jpg,23273.0,JMGHO-3BIEF1MF,Right_Rot,Clear,Clear,806.0,92.0,14.0
68L#NRRY07278V_rr_c.jpg,16597.0,68L#NRRY07278V,Right_Rot,Clear,Clear,665.0,92.0,14.0
90IR6YG E9MUEK_rr_c.jpg,16942.0,90IR6YG E9MUEK,Right_Rot,Clear,Clear,630.0,92.0,14.0
6H 9R1V4#S3UL9_rr_c.jpg,15013.0,6H 9R1V4#S3UL9,Right_Rot,Clear,Clear,639.0,92.0,14.0
OEI4E#2COGB6YX_rr_c.jpg,19693.0,OEI4E#2COGB6YX,Right_Rot,Clear,Clear,793.0,92.0,14.0
IAB3TO-4TE-CYJ_rr_c.jpg,13891.0,IAB3TO-4TE-CYJ,Right_Rot,Clear,Clear,628.0,92.0,14.0
AN4N9XC41WTJID_rr_c.jpg,20146.0,AN4N9XC41WTJID,Right_Rot,Clear,Clear,726.0,92.0,14.0
B CFU5H4IOY #F_rr_c.jpg,14368.0,B CFU5H4IOY #F,Right_Rot,Clear,Clear,594.0,92.0,14.0
X8LHP VCRW093F_rr_c.jpg,17252.0,X8LHP VCRW093F,Right_Rot,Clear,Clear,686.0,92.0,14.0
22LN1#B3S9#NMV_rr_c.jpg,22807.0,22LN1#B3S9#NMV,Right_Rot,Clear,Clear,905.0,92.0,14.0
RDAJ9AXOC1U0-R_rr_c.jpg,8496.0,RDAJ9AXOC1U0-R,Right_Rot,Clear,Clear,323.0,92.0,14.0
860CSWJ72BCMCP_rr_c.jpg,17359.0,860CSWJ72BCMCP,Right_Rot,Clear,Clear,613.0,92.0,14.0
5YY KEJRFVO-#Y_rr_c.jpg,13472.0,5YY KEJRFVO-#Y,Right_Rot,Clear,Clear,532.0,92.0,14.0
8IYSMTCV2ARO4K_rr_c.jpg,16078.0,8IYSMTCV2ARO4K,Right_Rot,Clear,Clear,675.0,92.0,14.0
L6I6A_rr_b.jpg,3237.0,L6I6A,Right_Rot,Blur,Clear,244.0,92.0,5.0
J9R7R_rr_b.jpg,2644.0,J9R7R,Right_Rot,Blur,Clear,181.0,92.0,5.0
NOLRP_rr_b.jpg,2977.0,NOLRP,Right_Rot,Blur,Clear,238.0,92.0,5.0
Q607Q_rr_b.jpg,2362.0,Q607Q,Right_Rot,Blur,Clear,245.0,92.0,5.0
-EKA0_rr_b.jpg,3336.0,-EKA0,Right_Rot,Blur,Clear,269.0,92.0,5.0
NR#9F_rr_b.jpg,3162.0,NR#9F,Right_Rot,Blur,Clear,249.0,92.0,5.0
 MSA1_rr_b.jpg,2838.0, MSA1,Right_Rot,Blur,Clear,278.0,92.0,5.0
89A1Z_rr_b.jpg,2840.0,89A1Z,Right_Rot,Blur,Clear,232.0,92.0,5.0
BZD9K_rr_b.jpg,2776.0,BZD9K,Right_Rot,Blur,Clear,250.0,92.0,5.0
AAA6U_rr_b.jpg,3271.0,AAA6U,Right_Rot,Blur,Clear,286.0,92.0,5.0
KQEG7_rr_b.jpg,3480.0,KQEG7,Right_Rot,Blur,Clear,282.0,92.0,5.0
6LTAI_rr_b.jpg,3233.0,6LTAI,Right_Rot,Blur,Clear,253.0,92.0,5.0
K0MA3_rr_b.jpg,2990.0,K0MA3,Right_Rot,Blur,Clear,262.0,92.0,5.0
7G8DD_rr_b.jpg,2224.0,7G8DD,Right_Rot,Blur,Clear,250.0,92.0,5.0
9R1QB_rr_b.jpg,3240.0,9R1QB,Right_Rot,Blur,Clear,225.0,92.0,5.0
TVH73_rr_b.jpg,3005.0,TVH73,Right_Rot,Blur,Clear,246.0,92.0,5.0
JZG5K_rr_b.jpg,3982.0,JZG5K,Right_Rot,Blur,Clear,350.0,92.0,5.0
4S QA_rr_b.jpg,3051.0,4S QA,Right_Rot,Blur,Clear,275.0,92.0,5.0
KJG9A_rr_b.jpg,3717.0,KJG9A,Right_Rot,Blur,Clear,337.0,92.0,5.0
CQ-80_rr_b.jpg,2105.0,CQ-80,Right_Rot,Blur,Clear,195.0,92.0,5.0
JS#07B_rr_b.jpg,2839.0,JS#07B,Right_Rot,Blur,Clear,248.0,92.0,6.0
VY-72H_rr_b.jpg,3139.0,VY-72H,Right_Rot,Blur,Clear,308.0,92.0,6.0
T595GL_rr_b.jpg,3123.0,T595GL,Right_Rot,Blur,Clear,274.0,92.0,6.0
-9 YXN_rr_b.jpg,3196.0,-9 YXN,Right_Rot,Blur,Clear,349.0,92.0,6.0
2- CZJ_rr_b.jpg,1912.0,2- CZJ,Right_Rot,Blur,Clear,231.0,92.0,6.0
-7ZPOW_rr_b.jpg,3650.0,-7ZPOW,Right_Rot,Blur,Clear,372.0,92.0,6.0
TSYRP-_rr_b.jpg,3018.0,TSYRP-,Right_Rot,Blur,Clear,252.0,92.0,6.0
P0V3QY_rr_b.jpg,3318.0,P0V3QY,Right_Rot,Blur,Clear,249.0,92.0,6.0
CH24B6_rr_b.jpg,3303.0,CH24B6,Right_Rot,Blur,Clear,331.0,92.0,6.0
-MSHB1_rr_b.jpg,2985.0,-MSHB1,Right_Rot,Blur,Clear,364.0,92.0,6.0
E57NWH_rr_b.jpg,4968.0,E57NWH,Right_Rot,Blur,Clear,395.0,92.0,6.0
5AKCU5_rr_b.jpg,4494.0,5AKCU5,Right_Rot,Blur,Clear,340.0,92.0,6.0
SK2K7K_rr_b.jpg,5028.0,SK2K7K,Right_Rot,Blur,Clear,381.0,92.0,6.0
4SLN2V_rr_b.jpg,2150.0,4SLN2V,Right_Rot,Blur,Clear,286.0,92.0,6.0
168U7Z_rr_b.jpg,3177.0,168U7Z,Right_Rot,Blur,Clear,316.0,92.0,6.0
T#RQ-O_rr_b.jpg,2535.0,T#RQ-O,Right_Rot,Blur,Clear,243.0,92.0,6.0
WQMEJI_rr_b.jpg,2713.0,WQMEJI,Right_Rot,Blur,Clear,248.0,92.0,6.0
NVJC-S_rr_b.jpg,3327.0,NVJC-S,Right_Rot,Blur,Clear,301.0,92.0,6.0
JVRMUL_rr_b.jpg,3042.0,JVRMUL,Right_Rot,Blur,Clear,259.0,92.0,6.0
 558ZO_rr_b.jpg,2650.0, 558ZO,Right_Rot,Blur,Clear,258.0,92.0,6.0
7T43P L_rr_b.jpg,2537.0,7T43P L,Right_Rot,Blur,Clear,302.0,92.0,7.0
33YXDDH_rr_b.jpg,2912.0,33YXDDH,Right_Rot,Blur,Clear,373.0,92.0,7.0
E0YXXZB_rr_b.jpg,5056.0,E0YXXZB,Right_Rot,Blur,Clear,395.0,92.0,7.0
R7HM#00_rr_b.jpg,5144.0,R7HM#00,Right_Rot,Blur,Clear,383.0,92.0,7.0
4YJ6R5U_rr_b.jpg,3346.0,4YJ6R5U,Right_Rot,Blur,Clear,400.0,92.0,7.0
QZ##SC _rr_b.jpg,3112.0,QZ##SC ,Right_Rot,Blur,Clear,301.0,92.0,7.0
UCCEU8E_rr_b.jpg,5004.0,UCCEU8E,Right_Rot,Blur,Clear,410.0,92.0,7.0
A LFYYZ_rr_b.jpg,4294.0,A LFYYZ,Right_Rot,Blur,Clear,359.0,92.0,7.0
SHLV5UR_rr_b.jpg,3404.0,SHLV5UR,Right_Rot,Blur,Clear,345.0,92.0,7.0
50124LP_rr_b.jpg,3764.0,50124LP,Right_Rot,Blur,Clear,301.0,92.0,7.0
CKOF5FI_rr_b.jpg,2775.0,CKOF5FI,Right_Rot,Blur,Clear,264.0,92.0,7.0
4IR#-JU_rr_b.jpg,2639.0,4IR#-JU,Right_Rot,Blur,Clear,239.0,92.0,7.0
DIWKDBQ_rr_b.jpg,4194.0,DIWKDBQ,Right_Rot,Blur,Clear,323.0,92.0,7.0
-ZMF8#N_rr_b.jpg,5292.0,-ZMF8#N,Right_Rot,Blur,Clear,403.0,92.0,7.0
PPGOP-9_rr_b.jpg,4403.0,PPGOP-9,Right_Rot,Blur,Clear,346.0,92.0,7.0
BPQH9FH_rr_b.jpg,3485.0,BPQH9FH,Right_Rot,Blur,Clear,284.0,92.0,7.0
5L76P2A_rr_b.jpg,2877.0,5L76P2A,Right_Rot,Blur,Clear,338.0,92.0,7.0
HX9U#4R_rr_b.jpg,4770.0,HX9U#4R,Right_Rot,Blur,Clear,372.0,92.0,7.0
IFLMPHO_rr_b.jpg,5080.0,IFLMPHO,Right_Rot,Blur,Clear,405.0,92.0,7.0
DASKG26_rr_b.jpg,4544.0,DASKG26,Right_Rot,Blur,Clear,378.0,92.0,7.0
PHE 4 IB_rr_b.jpg,4100.0,PHE 4 IB,Right_Rot,Blur,Clear,355.0,92.0,8.0
E-UZRU1J_rr_b.jpg,4363.0,E-UZRU1J,Right_Rot,Blur,Clear,386.0,92.0,8.0
2D9NFL0-_rr_b.jpg,2850.0,2D9NFL0-,Right_Rot,Blur,Clear,362.0,92.0,8.0
4FLLWCPX_rr_b.jpg,4406.0,4FLLWCPX,Right_Rot,Blur,Clear,414.0,92.0,8.0
GTN2JQD7_rr_b.jpg,3878.0,GTN2JQD7,Right_Rot,Blur,Clear,397.0,92.0,8.0
1F7FRYGM_rr_b.jpg,2929.0,1F7FRYGM,Right_Rot,Blur,Clear,390.0,92.0,8.0
LKL#6ZNH_rr_b.jpg,4461.0,LKL#6ZNH,Right_Rot,Blur,Clear,399.0,92.0,8.0
JAOSJEON_rr_b.jpg,5082.0,JAOSJEON,Right_Rot,Blur,Clear,433.0,92.0,8.0
51R7ETI3_rr_b.jpg,2130.0,51R7ETI3,Right_Rot,Blur,Clear,162.0,92.0,8.0
X-UC95ZA_rr_b.jpg,4266.0,X-UC95ZA,Right_Rot,Blur,Clear,367.0,92.0,8.0
T VBZLYB_rr_b.jpg,4772.0,T VBZLYB,Right_Rot,Blur,Clear,381.0,92.0,8.0
EU-7OI3V_rr_b.jpg,4660.0,EU-7OI3V,Right_Rot,Blur,Clear,399.0,92.0,8.0
6SJX 4OI_rr_b.jpg,3966.0,6SJX 4OI,Right_Rot,Blur,Clear,338.0,92.0,8.0
 V3NWU1J_rr_b.jpg,5256.0, V3NWU1J,Right_Rot,Blur,Clear,418.0,92.0,8.0
JOGC9TK6_rr_b.jpg,4082.0,JOGC9TK6,Right_Rot,Blur,Clear,387.0,92.0,8.0
0ZIKH VO_rr_b.jpg,4926.0,0ZIKH VO,Right_Rot,Blur,Clear,440.0,92.0,8.0
IN2ZS4AV_rr_b.jpg,4743.0,IN2ZS4AV,Right_Rot,Blur,Clear,402.0,92.0,8.0
4IZO2H42_rr_b.jpg,3490.0,4IZO2H42,Right_Rot,Blur,Clear,297.0,92.0,8.0
EEWHDKWM_rr_b.jpg,5804.0,EEWHDKWM,Right_Rot,Blur,Clear,502.0,92.0,8.0
6QSLKWP-_rr_b.jpg,3654.0,6QSLKWP-,Right_Rot,Blur,Clear,390.0,92.0,8.0
3YDD2TY7O_rr_b.jpg,6195.0,3YDD2TY7O,Right_Rot,Blur,Clear,442.0,92.0,9.0
ZGS1-QBCA_rr_b.jpg,4634.0,ZGS1-QBCA,Right_Rot,Blur,Clear,377.0,92.0,9.0
3AX131K2X_rr_b.jpg,5582.0,3AX131K2X,Right_Rot,Blur,Clear,472.0,92.0,9.0
D542U5FV4_rr_b.jpg,4149.0,D542U5FV4,Right_Rot,Blur,Clear,417.0,92.0,9.0
XH8SV36D4_rr_b.jpg,4752.0,XH8SV36D4,Right_Rot,Blur,Clear,442.0,92.0,9.0
8-4V02LF _rr_b.jpg,4111.0,8-4V02LF ,Right_Rot,Blur,Clear,449.0,92.0,9.0
1 AM9NPOE_rr_b.jpg,6566.0,1 AM9NPOE,Right_Rot,Blur,Clear,543.0,92.0,9.0
BN8E3X1H3_rr_b.jpg,5827.0,BN8E3X1H3,Right_Rot,Blur,Clear,444.0,92.0,9.0
B5TYZ0PN2_rr_b.jpg,4676.0,B5TYZ0PN2,Right_Rot,Blur,Clear,428.0,92.0,9.0
GJJB8YEKW_rr_b.jpg,5579.0,GJJB8YEKW,Right_Rot,Blur,Clear,457.0,92.0,9.0
CR 1GDNLB_rr_b.jpg,4057.0,CR 1GDNLB,Right_Rot,Blur,Clear,509.0,92.0,9.0
VA34VYIT7_rr_b.jpg,2580.0,VA34VYIT7,Right_Rot,Blur,Clear,421.0,92.0,9.0
ZSIXG#GXF_rr_b.jpg,4834.0,ZSIXG#GXF,Right_Rot,Blur,Clear,442.0,92.0,9.0
QJ7WQIT3Z_rr_b.jpg,3122.0,QJ7WQIT3Z,Right_Rot,Blur,Clear,389.0,92.0,9.0
B8-STL5MV_rr_b.jpg,4504.0,B8-STL5MV,Right_Rot,Blur,Clear,436.0,92.0,9.0
0G97I4YPB_rr_b.jpg,5100.0,0G97I4YPB,Right_Rot,Blur,Clear,576.0,92.0,9.0
J0Q8HC-ZP_rr_b.jpg,1899.0,J0Q8HC-ZP,Right_Rot,Blur,Clear,190.0,92.0,9.0
0NTW9W47W_rr_b.jpg,5384.0,0NTW9W47W,Right_Rot,Blur,Clear,433.0,92.0,9.0
KZZJ#2-MK_rr_b.jpg,4022.0,KZZJ#2-MK,Right_Rot,Blur,Clear,368.0,92.0,9.0
YF4PBLTTM_rr_b.jpg,2678.0,YF4PBLTTM,Right_Rot,Blur,Clear,440.0,92.0,9.0
V53FYGA-#D_rr_b.jpg,4822.0,V53FYGA-#D,Right_Rot,Blur,Clear,476.0,92.0,10.0
N2PXM0LFEW_rr_b.jpg,5174.0,N2PXM0LFEW,Right_Rot,Blur,Clear,398.0,92.0,10.0
SF03A7TWSP_rr_b.jpg,4388.0,SF03A7TWSP,Right_Rot,Blur,Clear,442.0,92.0,10.0
MNO#P1VPCB_rr_b.jpg,4769.0,MNO#P1VPCB,Right_Rot,Blur,Clear,560.0,92.0,10.0
HJOX BD3H9_rr_b.jpg,5775.0,HJOX BD3H9,Right_Rot,Blur,Clear,472.0,92.0,10.0
2ZRR 91T#A_rr_b.jpg,5421.0,2ZRR 91T#A,Right_Rot,Blur,Clear,439.0,92.0,10.0
PX4I#W3L#M_rr_b.jpg,4996.0,PX4I#W3L#M,Right_Rot,Blur,Clear,554.0,92.0,10.0
MF9HO8YBUT_rr_b.jpg,5211.0,MF9HO8YBUT,Right_Rot,Blur,Clear,520.0,92.0,10.0
QTK6P#VQR7_rr_b.jpg,5719.0,QTK6P#VQR7,Right_Rot,Blur,Clear,506.0,92.0,10.0
28QIMSQGGW_rr_b.jpg,6222.0,28QIMSQGGW,Right_Rot,Blur,Clear,514.0,92.0,10.0
BI PZJ5H#H_rr_b.jpg,5975.0,BI PZJ5H#H,Right_Rot,Blur,Clear,463.0,92.0,10.0
6XWZOQYSG _rr_b.jpg,7337.0,6XWZOQYSG ,Right_Rot,Blur,Clear,600.0,92.0,10.0
BY2MRD-CMM_rr_b.jpg,7112.0,BY2MRD-CMM,Right_Rot,Blur,Clear,608.0,92.0,10.0
DYIQHCSY 7_rr_b.jpg,3327.0,DYIQHCSY 7,Right_Rot,Blur,Clear,444.0,92.0,10.0
YXGPB7BBGG_rr_b.jpg,6684.0,YXGPB7BBGG,Right_Rot,Blur,Clear,512.0,92.0,10.0
JKTNFCEHBQ_rr_b.jpg,4914.0,JKTNFCEHBQ,Right_Rot,Blur,Clear,422.0,92.0,10.0
G360RUCWDA_rr_b.jpg,6787.0,G360RUCWDA,Right_Rot,Blur,Clear,721.0,92.0,10.0
Q#6V7ZIZ12_rr_b.jpg,5946.0,Q#6V7ZIZ12,Right_Rot,Blur,Clear,490.0,92.0,10.0
H6FP37AFH9_rr_b.jpg,6588.0,H6FP37AFH9,Right_Rot,Blur,Clear,649.0,92.0,10.0
VC59J7DQXS_rr_b.jpg,4510.0,VC59J7DQXS,Right_Rot,Blur,Clear,427.0,92.0,10.0
RA2KGXCZZ4X_rr_b.jpg,5551.0,RA2KGXCZZ4X,Right_Rot,Blur,Clear,462.0,92.0,11.0
YEE9Y1OZ28O_rr_b.jpg,6460.0,YEE9Y1OZ28O,Right_Rot,Blur,Clear,577.0,92.0,11.0
OJZYVUS3ZB _rr_b.jpg,5163.0,OJZYVUS3ZB ,Right_Rot,Blur,Clear,519.0,92.0,11.0
ELWU ICAU74_rr_b.jpg,5068.0,ELWU ICAU74,Right_Rot,Blur,Clear,666.0,92.0,11.0
 IFMF#726AF_rr_b.jpg,3643.0, IFMF#726AF,Right_Rot,Blur,Clear,466.0,92.0,11.0
NQQ685SX53W_rr_b.jpg,5918.0,NQQ685SX53W,Right_Rot,Blur,Clear,590.0,92.0,11.0
0C0C-X5A4LV_rr_b.jpg,5129.0,0C0C-X5A4LV,Right_Rot,Blur,Clear,479.0,92.0,11.0
XPSZC1OK-BW_rr_b.jpg,5406.0,XPSZC1OK-BW,Right_Rot,Blur,Clear,491.0,92.0,11.0
AMF6VI5LYIG_rr_b.jpg,5599.0,AMF6VI5LYIG,Right_Rot,Blur,Clear,615.0,92.0,11.0
L12XBPRVD55_rr_b.jpg,5016.0,L12XBPRVD55,Right_Rot,Blur,Clear,665.0,92.0,11.0
EHO#1V MESB_rr_b.jpg,7920.0,EHO#1V MESB,Right_Rot,Blur,Clear,665.0,92.0,11.0
KQ4U6IC8Z41_rr_b.jpg,6596.0,KQ4U6IC8Z41,Right_Rot,Blur,Clear,502.0,92.0,11.0
MHHSJ3ML-9V_rr_b.jpg,8058.0,MHHSJ3ML-9V,Right_Rot,Blur,Clear,641.0,92.0,11.0
BXGAG7362IY_rr_b.jpg,3413.0,BXGAG7362IY,Right_Rot,Blur,Clear,486.0,92.0,11.0
54 1VYX5 80_rr_b.jpg,5306.0,54 1VYX5 80,Right_Rot,Blur,Clear,529.0,92.0,11.0
#1ZO0IYILC#_rr_b.jpg,3896.0,#1ZO0IYILC#,Right_Rot,Blur,Clear,456.0,92.0,11.0
79N9DCOVZ I_rr_b.jpg,4546.0,79N9DCOVZ I,Right_Rot,Blur,Clear,478.0,92.0,11.0
CGYROA95QR2_rr_b.jpg,5254.0,CGYROA95QR2,Right_Rot,Blur,Clear,533.0,92.0,11.0
RC6UX1V#0VF_rr_b.jpg,4691.0,RC6UX1V#0VF,Right_Rot,Blur,Clear,523.0,92.0,11.0
UGAMGDW44-K_rr_b.jpg,5475.0,UGAMGDW44-K,Right_Rot,Blur,Clear,561.0,92.0,11.0
WENKXXBH9LZL_rr_b.jpg,6056.0,WENKXXBH9LZL,Right_Rot,Blur,Clear,629.0,92.0,12.0
KKR814B0VJYU_rr_b.jpg,4379.0,KKR814B0VJYU,Right_Rot,Blur,Clear,576.0,92.0,12.0
W16PI4O#XJ52_rr_b.jpg,5884.0,W16PI4O#XJ52,Right_Rot,Blur,Clear,613.0,92.0,12.0
BP7KIOX45XUI_rr_b.jpg,7076.0,BP7KIOX45XUI,Right_Rot,Blur,Clear,598.0,92.0,12.0
GPE6X-8-SKT0_rr_b.jpg,5962.0,GPE6X-8-SKT0,Right_Rot,Blur,Clear,645.0,92.0,12.0
R991KGA0A4ZO_rr_b.jpg,6185.0,R991KGA0A4ZO,Right_Rot,Blur,Clear,628.0,92.0,12.0
L1GC71B55MG-_rr_b.jpg,6080.0,L1GC71B55MG-,Right_Rot,Blur,Clear,558.0,92.0,12.0
OQY0Y4 RKCZ6_rr_b.jpg,7567.0,OQY0Y4 RKCZ6,Right_Rot,Blur,Clear,587.0,92.0,12.0
IV-A9EL-IIDL_rr_b.jpg,4384.0,IV-A9EL-IIDL,Right_Rot,Blur,Clear,429.0,92.0,12.0
#4V8API299C-_rr_b.jpg,5260.0,#4V8API299C-,Right_Rot,Blur,Clear,507.0,92.0,12.0
 JZ3MWBAONZC_rr_b.jpg,4665.0, JZ3MWBAONZC,Right_Rot,Blur,Clear,496.0,92.0,12.0
MFEPIM4OSK1H_rr_b.jpg,6318.0,MFEPIM4OSK1H,Right_Rot,Blur,Clear,564.0,92.0,12.0
JTOU94XS -1S_rr_b.jpg,5747.0,JTOU94XS -1S,Right_Rot,Blur,Clear,532.0,92.0,12.0
BVGKHNS9X847_rr_b.jpg,5497.0,BVGKHNS9X847,Right_Rot,Blur,Clear,604.0,92.0,12.0
#BC3SWD1421O_rr_b.jpg,7363.0,#BC3SWD1421O,Right_Rot,Blur,Clear,643.0,92.0,12.0
GKYD13TTR4VQ_rr_b.jpg,4955.0,GKYD13TTR4VQ,Right_Rot,Blur,Clear,461.0,92.0,12.0
AVQVI4XN3B2X_rr_b.jpg,3589.0,AVQVI4XN3B2X,Right_Rot,Blur,Clear,527.0,92.0,12.0
0Q5CSMTE3W3K_rr_b.jpg,6416.0,0Q5CSMTE3W3K,Right_Rot,Blur,Clear,577.0,92.0,12.0
HQUK6T9OZTPH_rr_b.jpg,7257.0,HQUK6T9OZTPH,Right_Rot,Blur,Clear,601.0,92.0,12.0
X5O2W2DKR5K5_rr_b.jpg,8173.0,X5O2W2DKR5K5,Right_Rot,Blur,Clear,664.0,92.0,12.0
KDSGW25JCS7ZR_rr_b.jpg,9401.0,KDSGW25JCS7ZR,Right_Rot,Blur,Clear,756.0,92.0,13.0
RAGIDIK79UUU5_rr_b.jpg,6631.0,RAGIDIK79UUU5,Right_Rot,Blur,Clear,605.0,92.0,13.0
CV7TDBHKTNOFO_rr_b.jpg,5614.0,CV7TDBHKTNOFO,Right_Rot,Blur,Clear,673.0,92.0,13.0
NK2MLHF6HMPN7_rr_b.jpg,7801.0,NK2MLHF6HMPN7,Right_Rot,Blur,Clear,715.0,92.0,13.0
8K D8DP-#J8LD_rr_b.jpg,6277.0,8K D8DP-#J8LD,Right_Rot,Blur,Clear,653.0,92.0,13.0
WZ9KLUJZX8PYW_rr_b.jpg,5932.0,WZ9KLUJZX8PYW,Right_Rot,Blur,Clear,686.0,92.0,13.0
X FWKSM7M255U_rr_b.jpg,7604.0,X FWKSM7M255U,Right_Rot,Blur,Clear,693.0,92.0,13.0
H-WIG3ZX2N3HT_rr_b.jpg,7627.0,H-WIG3ZX2N3HT,Right_Rot,Blur,Clear,690.0,92.0,13.0
A6QI7I58P J38_rr_b.jpg,2934.0,A6QI7I58P J38,Right_Rot,Blur,Clear,233.0,92.0,13.0
J36YJ-R5XY5SB_rr_b.jpg,7124.0,J36YJ-R5XY5SB,Right_Rot,Blur,Clear,589.0,92.0,13.0
9YWXCLT80DVSC_rr_b.jpg,7832.0,9YWXCLT80DVSC,Right_Rot,Blur,Clear,695.0,92.0,13.0
R8H7G7TGPY002_rr_b.jpg,7804.0,R8H7G7TGPY002,Right_Rot,Blur,Clear,693.0,92.0,13.0
88#KDRL0JUA8E_rr_b.jpg,8733.0,88#KDRL0JUA8E,Right_Rot,Blur,Clear,704.0,92.0,13.0
1IB-NXFZBE9M5_rr_b.jpg,6757.0,1IB-NXFZBE9M5,Right_Rot,Blur,Clear,644.0,92.0,13.0
RA2OZ9SG90U87_rr_b.jpg,6355.0,RA2OZ9SG90U87,Right_Rot,Blur,Clear,609.0,92.0,13.0
4W-YWKX9UFQU#_rr_b.jpg,7934.0,4W-YWKX9UFQU#,Right_Rot,Blur,Clear,808.0,92.0,13.0
7PC7H3ZH2-PEN_rr_b.jpg,6709.0,7PC7H3ZH2-PEN,Right_Rot,Blur,Clear,670.0,92.0,13.0
PZ#TI M0LRU#7_rr_b.jpg,4862.0,PZ#TI M0LRU#7,Right_Rot,Blur,Clear,498.0,92.0,13.0
TWE8OQ Q9D0E9_rr_b.jpg,5914.0,TWE8OQ Q9D0E9,Right_Rot,Blur,Clear,613.0,92.0,13.0
#XW5VVTCZZU6#_rr_b.jpg,8478.0,#XW5VVTCZZU6#,Right_Rot,Blur,Clear,727.0,92.0,13.0
AM96Y UE4Q1ZIV_rr_b.jpg,7922.0,AM96Y UE4Q1ZIV,Right_Rot,Blur,Clear,669.0,92.0,14.0
585DPI8TNBPEHD_rr_b.jpg,7645.0,585DPI8TNBPEHD,Right_Rot,Blur,Clear,663.0,92.0,14.0
U-BP5M1CYMPO T_rr_b.jpg,8942.0,U-BP5M1CYMPO T,Right_Rot,Blur,Clear,750.0,92.0,14.0
KYPWDBWP5MQ3M5_rr_b.jpg,6765.0,KYPWDBWP5MQ3M5,Right_Rot,Blur,Clear,688.0,92.0,14.0
E AJI7BMYZ5MAA_rr_b.jpg,6240.0,E AJI7BMYZ5MAA,Right_Rot,Blur,Clear,673.0,92.0,14.0
4Y2N3M#V48NSOM_rr_b.jpg,9372.0,4Y2N3M#V48NSOM,Right_Rot,Blur,Clear,907.0,92.0,14.0
JMGHO-3BIEF1MF_rr_b.jpg,11703.0,JMGHO-3BIEF1MF,Right_Rot,Blur,Clear,806.0,92.0,14.0
68L#NRRY07278V_rr_b.jpg,7866.0,68L#NRRY07278V,Right_Rot,Blur,Clear,665.0,92.0,14.0
90IR6YG E9MUEK_rr_b.jpg,7327.0,90IR6YG E9MUEK,Right_Rot,Blur,Clear,630.0,92.0,14.0
6H 9R1V4#S3UL9_rr_b.jpg,7515.0,6H 9R1V4#S3UL9,Right_Rot,Blur,Clear,639.0,92.0,14.0
OEI4E#2COGB6YX_rr_b.jpg,7047.0,OEI4E#2COGB6YX,Right_Rot,Blur,Clear,793.0,92.0,14.0
IAB3TO-4TE-CYJ_rr_b.jpg,3335.0,IAB3TO-4TE-CYJ,Right_Rot,Blur,Clear,628.0,92.0,14.0
AN4N9XC41WTJID_rr_b.jpg,7834.0,AN4N9XC41WTJID,Right_Rot,Blur,Clear,726.0,92.0,14.0
B CFU5H4IOY #F_rr_b.jpg,3792.0,B CFU5H4IOY #F,Right_Rot,Blur,Clear,594.0,92.0,14.0
X8LHP VCRW093F_rr_b.jpg,7436.0,X8LHP VCRW093F,Right_Rot,Blur,Clear,686.0,92.0,14.0
22LN1#B3S9#NMV_rr_b.jpg,7741.0,22LN1#B3S9#NMV,Right_Rot,Blur,Clear,905.0,92.0,14.0
RDAJ9AXOC1U0-R_rr_b.jpg,2954.0,RDAJ9AXOC1U0-R,Right_Rot,Blur,Clear,323.0,92.0,14.0
860CSWJ72BCMCP_rr_b.jpg,7209.0,860CSWJ72BCMCP,Right_Rot,Blur,Clear,613.0,92.0,14.0
5YY KEJRFVO-#Y_rr_b.jpg,4636.0,5YY KEJRFVO-#Y,Right_Rot,Blur,Clear,532.0,92.0,14.0
8IYSMTCV2ARO4K_rr_b.jpg,3818.0,8IYSMTCV2ARO4K,Right_Rot,Blur,Clear,675.0,92.0,14.0
